Date,RELIANCE.NS,TCS.NS,HDFCBANK.NS,INFY.NS
1/1/2020,675.3241577,1866.11377,605.5292969,633.1511841
1/2/2020,686.821228,1857.548218,609.3891602,631.303772
1/3/2020,687.6488647,1894.566895,600.6987305,641.0133667
1/6/2020,671.7007446,1894.395264,587.6987915,634.8695679
1/7/2020,682.0345459,1899.043945,597.0047607,625.4606323
1/8/2020,676.9124146,1941.572632,595.4418945,617.1257324
1/9/2020,692.5026245,1906.361572,602.1195679,625.1600342
1/10/2020,692.3460083,1905.672852,607.4710693,634.2681885
1/13/2020,690.5790405,1885.699463,609.0338745,664.6862183
1/14/2020,684.1818848,1899.947876,610.6915283,666.4907227
1/15/2020,684.1818848,1917.166138,608.2052002,659.5306396
1/16/2020,684.1818848,1927.4104,609.8153687,659.0580444
1/17/2020,684.1818848,1910.450562,605.3162842,659.7883911
1/20/2020,684.1818848,1868.481445,594.3053589,660.3039551
1/21/2020,684.1818848,1869.084229,589.30896,655.1912231
1/22/2020,685.9489136,1899.947876,587.6513672,661.8077393
1/23/2020,683.0411377,1890.499756,589.5457764,673.9662476
1/24/2020,680.670166,1883.984131,589.4037476,672.5914307
1/27/2020,673.9597778,1871.774902,574.5567017,668.5958862
1/28/2020,658.3919067,1884.286743,579.2925415,668.5100708
1/29/2020,662.0155029,1859.133789,579.2925415,678.5633545
1/30/2020,645.8660278,1844.681396,579.2925415,670.8301392
1/31/2020,631.5059814,1793.944336,579.2925415,666.7484741
2/3/2020,619.8076782,1814.178711,579.2925415,659.4017944
2/4/2020,638.1044922,1818.708618,579.2925415,676.9737549
2/5/2020,647.9909058,1852.188477,589.4511108,674.1382446
2/6/2020,652.1513672,1836.483887,587.1542358,662.7958374
2/7/2020,641.3477783,1843.55896,588.2907715,667.9084473
2/10/2020,642.2201538,1865.475952,587.3909912,664.3855591
2/11/2020,649.8922729,1858.098999,587.5330811,664.6862183
2/12/2020,657.7432861,1873.069458,591.5112305,671.1307373
2/13/2020,659.4656372,1891.362061,587.9118652,680.7545776
2/14/2020,665.4824219,1884.674805,577.4692993,675.770874
2/17/2020,661.2996826,1901.112915,576.4274292,678.3485107
2/18/2020,656.4459229,1911.898438,574.5804443,685.3945923
2/19/2020,672.7296143,1895.159302,581.1869507,687.8005981
2/20/2020,664.7443848,1861.032349,576.4036865,684.8359985
2/24/2020,646.402832,1825.266724,573.0175781,683.8478394
2/25/2020,633.6309814,1860.47168,568.4475098,686.0390625
2/26/2020,622.7155151,1832.385498,567.9501343,672.5914307
2/27/2020,620.1431885,1816.767212,568.0448608,668.3811035
2/28/2020,594.3756104,1725.864136,557.7207642,628.7258301
3/2/2020,588.7838745,1726.856567,558.6442261,636.7600708
3/3/2020,600.7280884,1756.970581,559.6861572,641.8727417
3/4/2020,599.3189697,1797.525391,544.0812988,651.9691162
3/5/2020,586.5470581,1833.636841,545.2653198,648.4031372
3/6/2020,568.5856934,1826.215576,537.4748535,634.9555664
3/9/2020,498.418457,1701.876465,524.4038086,605.3109741
3/11/2020,516.0441284,1685.783936,527.4821167,589.4573975
3/12/2020,475.5363464,1527.145752,483.6752014,542.3696899
3/13/2020,494.4593811,1558.597656,506.6442871,551.9503174
3/16/2020,454.3765564,1463.768188,473.3510437,501.0817871
3/17/2020,450.9319763,1430.633911,461.7954712,476.8504333
3/18/2020,433.2614746,1427.527832,415.2891846,459.1064758
3/19/2020,410.5359192,1422.269531,424.1215515,468.7732849
3/20/2020,455.3830566,1562.292969,418.1069946,502.8431702
3/23/2020,395.4824829,1451.256104,365.3966675,452.3612976
3/24/2020,422.0329285,1480.329956,363.5733643,506.7958069
3/25/2020,484.1478882,1521.311523,405.7463379,520.8879395
3/26/2020,476.9678345,1556.643188,426.7499695,552.5089111
3/27/2020,476.6994629,1585.803955,428.3365173,560.843811
3/30/2020,460.9750061,1545.822144,393.8592834,538.5028687
3/31/2020,498.2395325,1587.19458,408.1853638,551.2199707
4/1/2020,483.3426514,1485.197266,392.9121704,517.9663086
4/3/2020,482.0006104,1437.78418,385.4294128,503.2728577
4/7/2020,539.5525513,1542.953735,424.382019,549.0718994
4/8/2020,533.3119507,1482.329102,420.9721985,542.7132568
4/9/2020,545.7484131,1535.088013,438.0923767,546.7088013
4/13/2020,531.9699707,1529.090576,424.0268555,547.6970215
4/15/2020,514.388916,1508.143799,408.8483887,549.1148071
4/16/2020,522.5308228,1491.542236,416.6388855,536.053894
4/17/2020,547.5601807,1569.898193,431.1069946,540.2642822
4/20/2020,556.4177856,1580.719604,447.4694519,561.359375
4/21/2020,553.5324097,1510.316406,436.4822083,544.0879517
4/22/2020,610.0106201,1537.999146,439.7736206,551.520752
4/23/2020,613.2764282,1632.521851,452.2527161,583.7002563
4/24/2020,633.899353,1580.632568,444.2490234,565.3978271
4/27/2020,639.6030884,1596.321045,440.2945862,571.0690308
4/28/2020,638.8873291,1615.833984,441.0997009,567.7180176
4/29/2020,638.3505859,1656.33728,462.7426453,581.3374023
4/30/2020,655.8196411,1750.903198,474.4402466,614.8058472
5/4/2020,642.0411987,1677.892578,437.121582,578.8883667
5/5/2020,653.4263306,1679.891968,431.6516113,578.8883667
5/6/2020,653.4710083,1654.55542,448.2035522,572.1861572
5/7/2020,674.1387329,1644.168945,438.0686951,571.369812
5/8/2020,698.6760864,1645.690186,439.9867859,579.3179932
5/11/2020,705.3863525,1682.108521,433.7117004,586.7937012
5/12/2020,661.7470703,1694.450562,426.9630432,590.8752441
5/13/2020,675.7871704,1694.580933,439.3237305,596.4603271
5/14/2020,648.4657593,1653.468994,423.2453918,565.5267334
5/15/2020,659.055603,1645.255249,420.6170349,560.500061
5/18/2020,650.6334229,1691.060669,396.2272644,570.4675903
5/19/2020,636.2501831,1693.71167,393.3857422,574.5062256
5/20/2020,647.449707,1698.014648,405.9121094,575.3224487
5/21/2020,650.8592529,1730.69519,407.0723877,577.5995483
5/22/2020,646.4787598,1756.031494,397.269104,594.9137573
5/26/2020,643.0917969,1688.801025,403.6862488,584.774353
5/27/2020,652.8010864,1742.950195,427.9576416,606.170166
5/28/2020,664.8585205,1742.081177,447.6588745,607.8457031
5/29/2020,661.3135376,1714.311035,450.6898804,601.8361206
6/1/2020,686.5802612,1777.673828,467.7390137,609.2828369
6/2/2020,693.512207,1779.325073,474.0614319,616.7295532
6/3/2020,696.1992798,1783.68396,484.1251831,611.0246582
6/4/2020,713.4274902,1823.260254,474.3929138,616.4246826
6/5/2020,714.2855225,1785.51416,489.3819275,612.7666016
6/8/2020,708.776062,1806.000122,481.1178589,627.8342896
6/9/2020,694.1669922,1806.261597,467.5732422,625.0036621
6/10/2020,709.9728394,1838.253906,469.7280579,623.4794312
6/11/2020,694.4154053,1802.425659,458.7171021,613.1150513
6/12/2020,717.4918823,1777.886841,465.4184265,602.7504883
6/15/2020,729.1203613,1769.518311,449.8373718,598.8311157
6/16/2020,730.5429077,1783.37854,469.0413818,610.7199707
6/17/2020,729.4816895,1785.122192,463.7608948,612.8537598
6/18/2020,747.7937012,1776.666504,483.0359192,621.7810059
6/19/2020,794.5336914,1782.332397,489.3819275,614.508606
6/22/2020,788.5500488,1767.818481,487.2034912,612.8972778
6/23/2020,777.1473389,1774.22583,493.620575,627.6601563
6/24/2020,780.2858887,1780.240356,488.9794006,621.9988403
6/25/2020,775.7925415,1757.488647,487.2034912,610.1102295
6/26/2020,786.5178223,1847.058105,500.3218079,651.6552124
6/29/2020,778.1633911,1832.064575,509.604187,637.3278198
6/30/2020,769.5605469,1815.066284,504.7735596,640.9859009
7/1/2020,784.6889038,1823.696289,513.6533813,637.4584961
7/2/2020,798.1977539,1880.445313,515.9265747,658.9712524
7/3/2020,810.6896973,1917.493286,508.6096497,664.2841797
7/6/2020,839.6640625,1972.892334,522.3673096,665.4165039
7/7/2020,826.8092041,1978.732666,523.3856201,691.6760254
7/8/2020,815.2694092,1934.274414,525.8482056,674.7357788
7/9/2020,827.171936,1921.590332,532.7626953,680.8324585
7/10/2020,851.5665894,1937.282227,523.3618774,680.9631348
7/13/2020,877.3895264,1935.233398,511.5932007,694.2017822
7/14/2020,869.2277222,1893.346924,501.4584961,682.1824341
7/15/2020,836.1271973,1947.350098,498.7590332,723.727478
7/16/2020,835.8551636,1952.461548,503.2107849,793.4481201
7/17/2020,866.824585,1922.755859,520.2124634,786.6110229
7/20/2020,870.5426636,1929.00354,536.5986938,813.7415771
7/21/2020,893.9624634,1943.986816,539.2033691,815.8754272
7/22/2020,908.6762695,1914.19397,533.4255981,799.4577637
7/23/2020,933.0707397,1896.938843,535.34375,790.791748
7/24/2020,973.1314697,1884.882324,529.9920654,803.769043
7/27/2020,977.6885376,1928.042114,511.2380676,826.0657349
7/28/2020,987.4372559,2017.987671,514.6242676,838.6075439
7/29/2020,950.6867065,1988.544678,504.1815491,831.0302124
7/30/2020,956.2185669,1991.558838,497.5750122,837.3882446
7/31/2020,937.2877808,1993.218628,489.1214905,841.3510742
8/3/2020,910.9433594,1969.411011,474.5350037,833.425354
8/4/2020,975.149231,1965.52356,493.3127747,827.2850342
8/5/2020,964.1989136,1974.085083,486.6351929,822.7995605
8/6/2020,967.6676636,2016.546143,492.862793,845.5751953
8/7/2020,973.2674561,2005.407104,494.3546448,828.199646
8/10/2020,961.2061768,1994.442017,497.5750122,828.5915527
8/11/2020,967.5316162,1991.907959,505.1524658,826.0657349
8/12/2020,964.7202759,1972.206787,503.7553711,831.7269897
8/13/2020,962.2037354,1969.672852,501.5531616,828.4608765
8/14/2020,958.4630127,1958.926636,489.9028931,830.5511475
8/17/2020,948.2834473,1968.755615,489.0978088,833.947998
8/18/2020,960.6168213,1983.040161,500.3455811,842.7010498
8/19/2020,966.5113525,1971.551514,505.1287842,835.515686
8/20/2020,950.867981,1968.275513,501.5295105,831.901123
8/21/2020,943.9758911,1964.56189,514.1506958,826.3705444
8/24/2020,950.2785034,1964.125122,529.0212402,825.1513062
8/25/2020,944.0891724,1959.363403,530.2762451,817.0512085
8/26/2020,969.1186523,1968.842651,529.6842651,828.1124878
8/27/2020,957.0120239,1964.386963,526.677002,824.8463745
8/28/2020,959.5285645,1955.781616,527.8136597,814.5690308
8/31/2020,943.4544678,1972.119629,528.4529419,808.7770996
9/1/2020,946.4243774,1962.59668,533.8755493,796.1917725
9/2/2020,964.9923706,1979.021851,537.1196289,804.7706299
9/3/2020,957.6921997,2009.032715,535.5804443,814.8302612
9/4/2020,941.8900146,1999.684326,530.086853,800.5464478
9/7/2020,944.338623,2033.102661,525.9193115,805.6851807
9/8/2020,955.4250488,2051.580811,526.8427734,818.0964355
9/9/2020,980.0236206,2033.626953,519.2889404,808.0367432
9/10/2020,1049.239868,2036.684814,516.4712524,818.7495728
9/11/2020,1051.847046,2074.208252,510.8355408,823.6705322
9/14/2020,1044.048218,2176.69165,501.032196,852.151123
9/15/2020,1051.439209,2176.69165,506.975708,855.6785278
9/16/2020,1054.023438,2186.826416,517.9393311,872.4880371
9/17/2020,1042.325195,2150.088135,513.1798096,880.5444946
9/18/2020,1045.47644,2140.433594,500.7243652,872.8364868
9/21/2020,1022.872864,2153.889404,496.9356384,879.5864258
9/22/2020,1002.604492,2204.256348,490.3528442,877.4960938
9/23/2020,1011.514404,2155.76709,495.9648132,888.1654663
9/24/2020,989.024292,2037.645264,487.9848938,849.538208
9/25/2020,998.3196411,2116.320801,494.4256897,880.9364624
9/28/2020,1004.917053,2119.815674,499.2562866,880.0218506
9/29/2020,1017.975891,2174.071289,503.2107849,878.8025513
9/30/2020,1013.124146,2177.478271,510.8117981,878.149353
10/1/2020,1008.997925,2204.693359,524.2379761,886.3363037
10/5/2020,1003.080627,2364.009521,527.7425537,913.3797607
10/6/2020,1002.24176,2371.436035,541.8318481,919.5200806
10/7/2020,1023.621094,2390.35083,550.4274292,928.9265137
10/8/2020,1015.345947,2468.763916,564.421936,952.5732422
10/9/2020,1012.716064,2457.625,584.1943359,963.9829712
10/12/2020,1014.34845,2472.520996,574.7697754,986.0182495
10/13/2020,1034.140747,2469.506104,567.5712891,1008.402039
10/14/2020,1037.223999,2465.163818,573.7516479,990.2858887
10/15/2020,1000.496033,2404.622559,553.7426147,965.2457275
10/16/2020,986.5757446,2424.539551,567.9975586,982.0119019
10/19/2020,986.7570801,2379.133301,569.9865723,980.6182251
10/20/2020,977.5524902,2403.218262,579.6477661,990.7212524
10/21/2020,963.3599854,2347.415283,590.421875,1000.171387
10/22/2020,955.3569946,2343.686035,584.0758667,983.3618164
10/23/2020,958.1229858,2357.417725,585.2598877,988.1594238
10/26/2020,920.057373,2358.645996,573.4675293,979.3123169
10/27/2020,922.5058594,2307.712891,583.9811401,960.2973633
10/28/2020,912.0543213,2300.737305,572.8518066,947.7088013
10/29/2020,919.0596924,2309.906006,562.2434082,946.2122192
10/30/2020,931.5744629,2338.158691,560.5149536,933.6677246
11/2/2020,851.2945557,2285.294922,575.5275879,943.9674683
11/3/2020,839.0291748,2310.73999,591.013916,935.3843384
11/4/2020,867.5046387,2327.892822,595.4893188,963.0263672
11/5/2020,886.4581299,2356.452148,601.0776367,971.8736572
11/6/2020,920.0800781,2375.536621,619.2871704,979.5765381
11/9/2020,929.8514404,2392.338379,634.8681641,1000.528137
11/10/2020,945.2001343,2324.778076,660.015686,960.4733887
11/11/2020,905.5928955,2358.295166,658.2633667,988.1594238
11/12/2020,897.7938232,2343.598877,649.6203613,983.9779663
11/13/2020,905.2301025,2331.139404,643.5111084,989.6558838
11/14/2020,907.9053955,2342.984619,648.6732178,997.7990723
11/17/2020,903.8018799,2339.211426,667.0247803,989.2159424
11/18/2020,901.0585327,2304.641846,667.1431885,977.6398315
11/19/2020,894.6879272,2313.635254,650.8754272,965.4914551
11/20/2020,861.2926636,2334.122559,664.7516479,971.3013306
11/23/2020,884.5083618,2390.276855,660.4656372,1003.432861
11/24/2020,890.5616455,2388.34668,681.1139526,1003.609131
11/25/2020,883.1934204,2370.140381,664.348999,982.1293335
11/26/2020,885.369873,2387.074219,675.644043,979.9723511
11/27/2020,875.0316162,2351.144287,682.3689575,968.3522339
12/1/2020,886.4128418,2392.513916,678.793396,1001.672363
12/2/2020,887.8864746,2412.475586,666.3143311,1004.357483
12/3/2020,890.5616455,2377.29126,652.2250366,991.6367798
12/4/2020,882.7172852,2393.172119,656.2032471,998.8554688
12/7/2020,887.9090576,2402.077637,649.8807983,1006.64624
12/8/2020,904.0285645,2454.371582,651.7989502,1015.317383
12/9/2020,919.0824585,2466.217041,666.4327393,1034.55249
12/10/2020,910.0365601,2442.965088,656.3216553,1027.994141
12/11/2020,909.4923706,2442.351074,654.8772583,1023.988586
12/14/2020,902.9177246,2454.722168,649.8334961,1025.177002
12/15/2020,895.2319946,2423.004395,658.90271,1016.417725
12/16/2020,896.2295532,2469.199219,668.090332,1026.189331
12/17/2020,900.3331909,2490.257813,682.8189087,1020.467163
12/18/2020,903.0309448,2510.262207,668.3981934,1047.405273
12/21/2020,879.5206299,2474.42041,650.0703125,1036.401001
12/22/2020,878.1603394,2520.353027,650.2833862,1074.431152
12/23/2020,881.4023438,2552.158447,651.4910889,1103.085327
12/24/2020,904.2098999,2552.684326,661.6495972,1088.119995
12/28/2020,908.3588257,2570.2771,669.1085205,1091.86145
12/29/2020,902.3508911,2571.242188,675.90448,1100.664429
12/30/2020,904.8220825,2552.641602,678.4145508,1097.583374
12/31/2020,900.1970825,2511.797607,680.2142944,1105.506226
1/1/2021,901.1946411,2569.268311,674.8863525,1109.599731
1/4/2021,902.713623,2666.835449,670.6002808,1134.072632
1/5/2021,891.4911499,2713.820801,675.6676636,1138.958618
1/6/2021,867.9807739,2677.408447,672.755188,1128.658691
1/7/2021,866.5751343,2661.000732,670.718811,1111.096436
1/8/2021,876.8000488,2738.300781,678.0120239,1155.068237
1/11/2021,860.2723999,2787.040771,687.3890381,1211.496704
1/12/2021,887.3876953,2785.636475,701.3835449,1207.579346
1/13/2021,879.1125488,2771.685547,696.4819336,1221.136353
1/14/2021,888.9972534,2857.615234,695.5820923,1206.479004
1/15/2021,878.5004272,2842.363525,694.5875244,1183.986816
1/18/2021,899.5849609,2832.166504,702.3781128,1155.02417
1/19/2021,914.2987671,2866.406738,712.2049561,1159.073975
1/20/2021,931.6652222,2908.689941,706.5930176,1179.14502
1/21/2021,951.9335327,2877.966797,698.4473267,1179.36499
1/22/2021,929.3527222,2903.679199,683.6477051,1180.377563
1/25/2021,880.1101074,2893.306152,692.7879639,1166.512451
1/27/2021,859.2522583,2866.714355,667.569397,1145.296631
1/28/2021,850.8864136,2810.013916,649.5020142,1123.464844
1/29/2021,835.1976929,2735.116455,658.5238647,1090.760986
2/1/2021,859.3883057,2759.730713,699.3707275,1109.995972
2/2/2021,873.2179565,2816.079346,739.0574951,1119.1073
2/3/2021,875.4171143,2813.090332,745.8061523,1130.90332
2/4/2021,872.5378418,2802.892578,747.8426514,1126.237793
2/5/2021,872.2883911,2776.080566,756.6038208,1119.855469
2/8/2021,884.8483887,2825.441162,760.2268677,1147.541626
2/9/2021,886.9796143,2792.739258,763.3526001,1149.30249
2/10/2021,895.2093506,2824.738281,749.0975342,1141.335205
2/11/2021,932.1186523,2818.320801,744.645813,1137.946045
2/12/2021,925.7252808,2804.95874,749.1922607,1153.043457
2/15/2021,921.6443481,2760.169189,765.6020508,1152.911621
2/16/2021,933.8416748,2732.874512,770.3616333,1135.965332
2/17/2021,944.6106567,2701.490967,751.347168,1127.954468
2/18/2021,937.5598145,2687.645996,736.0975952,1137.769775
2/19/2021,943.2730103,2700.39209,728.8989868,1136.757568
2/22/2021,910.5352783,2600.705078,733.1139526,1113.781494
2/23/2021,917.4954834,2619.825195,724.1868286,1114.793457
2/24/2021,934.5219116,2591.606934,760.795166,1121.792236
2/25/2021,972.3153076,2633.099365,760.7714233,1122.012329
2/26/2021,945.7669678,2544.3125,726.6730957,1103.30542
3/1/2021,952.9765015,2570.597168,738.276123,1115.365723
3/2/2021,954.9261475,2642.8125,742.6804199,1148.378052
3/3/2021,998.5009766,2689.18457,751.5128174,1182.754272
3/4/2021,986.5983887,2680.920654,735.0320435,1171.133911
3/5/2021,987.890625,2644.307861,724.5894165,1159.117676
3/8/2021,993.5131836,2643.339844,719.6166382,1175.887939
3/9/2021,993.4905396,2682.019531,739.980896,1184.515015
3/10/2021,989.3643188,2699.601318,736.7842407,1204.410156
3/12/2021,969.2546997,2688.173096,734.9845581,1210.308228
3/15/2021,956.2411499,2695.381592,723.9500122,1209.207764
3/16/2021,952.4777832,2733.973877,716.1358032,1218.363403
3/17/2021,931.960022,2736.522217,708.1795044,1221.004395
3/18/2021,910.9887695,2669.317139,706.1194458,1177.076172
3/19/2021,944.0438843,2681.360596,709.1978149,1183.546753
3/22/2021,935.1566162,2751.203369,695.7716064,1206.743042
3/23/2021,946.5377808,2762.587158,710.4527588,1207.40332
3/24/2021,928.3098145,2743.686768,700.3416748,1191.733521
3/25/2021,902.9856567,2694.239258,693.0247192,1174.171265
3/26/2021,904.4366455,2695.953613,706.2615356,1176.283936
3/30/2021,920.1480103,2776.608154,735.8133545,1219.507813
3/31/2021,908.2680664,2793.574951,707.3745117,1204.322021
4/1/2021,916.7699585,2782.278809,704.1066895,1219.419678
4/5/2021,903.5072021,2847.242432,686.5129395,1241.163452
4/6/2021,899.7437134,2869.922607,682.0848389,1242.176147
4/7/2021,908.1547852,2875.8125,685.3762817,1259.03418
4/8/2021,909.2883911,2916.206543,678.5566406,1267.529053
4/9/2021,898.7234497,2920.513428,673.3234863,1268.585693
4/12/2021,866.5751343,2853.967285,647.418335,1255.116699
4/13/2021,875.9384766,2728.698975,663.1886597,1229.939575
4/15/2021,881.6063843,2829.705078,677.2779541,1197.895874
4/16/2021,876.0745239,2808.782715,676.5913086,1191.733521
4/19/2021,862.2902222,2779.46582,668.8954468,1199.480469
4/20/2021,862.0408325,2764.301758,658.9500732,1189.620972
4/22/2021,864.4213867,2741.665527,673.6787109,1189.400757
4/23/2021,863.4918213,2733.489746,669.7241821,1174.171265
4/26/2021,878.6818237,2725.841797,665.2962036,1182.754272
4/27/2021,901.7160645,2753.268555,681.3508301,1187.112061
4/28/2021,905.6381836,2746.324463,699.3945923,1193.714478
4/29/2021,917.7675781,2738.544434,697.3580933,1194.022461
4/30/2021,904.3687134,2668.56958,668.8480835,1192.261597
5/3/2021,888.2944946,2669.756592,669.8662109,1190.237061
5/4/2021,869.0463257,2680.965088,657.5056763,1170.297729
5/5/2021,870.6333618,2721.358887,664.2542725,1180.949707
5/6/2021,875.5757446,2735.203857,663.4492188,1198.644043
5/7/2021,875.9158325,2754.060059,670.0083618,1190.677246
5/10/2021,873.399292,2765.136963,672.423645,1179.233154
5/11/2021,876.5505981,2745.005371,664.7041626,1171.398315
5/12/2021,867.4819336,2714.23877,662.7861328,1168.185181
5/14/2021,878.432373,2682.503418,656.7952881,1158.853638
5/17/2021,888.8840332,2698.546875,682.0848389,1170.297729
5/18/2021,901.3986816,2715.292969,699.347168,1179.629395
5/19/2021,905.5249023,2709.315186,690.5857544,1176.988037
5/20/2021,900.2424927,2689.975586,678.5566406,1179.013062
5/21/2021,908.0187988,2707.996582,709.1030273,1192.393799
5/24/2021,900.3557129,2708.875244,715.093811,1186.715942
5/25/2021,890.1536255,2750.835938,700.4126587,1198.644043
5/26/2021,893.2822266,2790.146729,699.5128784,1230.02771
5/27/2021,896.0255737,2809.138916,702.164978,1234.429077
5/28/2021,949.8478394,2776.984375,712.015564,1236.894043
5/31/2021,979.5476074,2790.720703,717.8880615,1240.186401
6/1/2021,983.4470215,2785.287842,715.9227295,1234.358032
6/2/2021,998.1155396,2764.484863,712.276062,1226.750122
6/3/2021,1001.924377,2774.908203,720.1140137,1236.538086
6/4/2021,993.2411499,2777.115967,710.831604,1232.978882
6/7/2021,1009.972778,2811.965088,710.31073,1236.538086
6/8/2021,1004.168884,2826.938965,702.3543701,1257.270996
6/9/2021,986.2129517,2827.027588,701.052002,1259.362061
6/10/2021,989.8405151,2841.647217,701.4072876,1267.370605
6/11/2021,1007.009827,2891.999512,703.9172363,1287.480225
6/14/2021,1021.456543,2894.252441,700.6494141,1300.73877
6/15/2021,1023.7771,2882.237793,705.7642822,1311.505493
6/16/2021,1006.304504,2892.485596,703.0884399,1317.467163
6/17/2021,1008.1474,2930.82373,694.3271484,1330.547729
6/18/2021,1012.697449,2912.759033,700.8152466,1337.666016
6/21/2021,1017.975647,2891.381348,705.0300903,1334.996704
6/22/2021,1012.742981,2916.20459,702.7096558,1345.273804
6/23/2021,1003.460754,2881.045654,703.5147705,1337.532471
6/24/2021,979.8684082,2980.161133,713.3416748,1387.406982
6/25/2021,957.5500488,2986.521484,717.532959,1400.754272
6/28/2021,949.1550903,2947.608154,714.3361816,1398.618896
6/29/2021,949.9740601,2951.230225,714.4313354,1390.832764
6/30/2021,960.3711548,2955.559326,712.4574585,1406.627319
7/1/2021,954.5925293,2951.804199,707.1540527,1388.474854
7/2/2021,968.7432861,2937.625977,704.1338501,1395.059448
7/5/2021,978.3668823,2933.695557,711.2921143,1404.980835
7/6/2021,966.8095703,2881.841064,729.9608765,1390.076416
7/7/2021,960.0980835,2893.015137,732.2438965,1392.212158
7/8/2021,952.1581421,2878.483643,723.1831055,1388.786499
7/9/2021,942.4209595,2834.005371,714.4074707,1390.699341
7/12/2021,948.2906494,2820.710938,707.2729492,1377.307495
7/13/2021,955.3887329,2815.80835,714.3361816,1374.727173
7/14/2021,949.1550903,2839.659424,713.0518799,1403.15686
7/15/2021,947.4943237,2835.58667,723.3019409,1406.627319
7/16/2021,961.1674194,2828.371582,724.086731,1384.070435
7/19/2021,955.0474243,2819.341797,699.6628418,1371.835327
7/20/2021,952.7041016,2838.110352,686.4163208,1379.265259
7/22/2021,964.9440308,2847.450439,689.0560303,1414.991455
7/23/2021,958.1187744,2844.351563,686.2260132,1415.213989
7/26/2021,944.9917603,2830.806885,682.3258667,1427.182129
7/27/2021,935.0496826,2817.881104,684.7990723,1425.980713
7/28/2021,927.0187988,2831.028076,674.1210327,1428.694702
7/29/2021,934.253418,2829.256592,674.572876,1438.838745
7/30/2021,926.0860596,2804.158447,678.4730225,1433.05481
8/2/2021,943.0124512,2850.150391,676.6656494,1451.7854
8/3/2021,949.951355,2908.138184,682.3971558,1472.829712
8/4/2021,957.2315674,2898.443848,696.9515991,1467.535278
8/5/2021,971.109375,2907.297119,706.2503662,1471.361694
8/6/2021,950.5429077,2930.182129,709.9602661,1468.380737
8/9/2021,945.1282349,2941.603027,715.3112793,1480.037476
8/10/2021,950.0877686,2951.518066,717.0948486,1492.450439
8/11/2021,963.3969116,2960.636719,711.0543213,1492.717529
8/12/2021,960.3029175,2967.319824,714.1221313,1503.439453
8/13/2021,976.2965698,3066.164795,725.9179688,1523.549561
8/16/2021,988.9686279,3074.619629,728.0107422,1516.609009
8/17/2021,984.7598267,3145.532715,720.4244385,1549.754517
8/18/2021,988.5818481,3152.172852,719.6394653,1542.458008
8/20/2021,977.4796143,3151.242676,720.4719238,1542.013306
8/23/2021,983.8952637,3220.20752,725.1569214,1547.174072
8/24/2021,993.6098022,3198.783691,741.4475098,1531.246338
8/25/2021,1002.209473,3239.330811,740.7578735,1544.327026
8/26/2021,1014.881531,3250.706543,739.5211792,1537.341675
8/27/2021,1013.493774,3293.467041,736.5008545,1520.524292
8/30/2021,1032.991089,3276.778809,745.9185181,1510.958618
8/31/2021,1027.485474,3352.162109,752.1732178,1518.433105
9/1/2021,1031.557739,3288.863281,751.0792236,1492.895142
9/2/2021,1043.979614,3396.693848,755.7880249,1502.994629
9/3/2021,1086.796143,3401.385498,749.62854,1513.271973
9/6/2021,1103.677246,3410.193848,744.7055664,1539.744263
9/7/2021,1110.638794,3378.234863,746.394165,1518.610962
9/8/2021,1106.293335,3341.272949,749.7950439,1506.687378
9/9/2021,1103.677246,3356.544434,746.0849609,1505.219116
9/13/2021,1079.08374,3404.306396,739.8779907,1505.486206
9/14/2021,1077.67334,3440.205811,736.5484619,1500.369751
9/15/2021,1082.155151,3500.982178,735.7161865,1522.882202
9/16/2021,1104.860107,3455.61084,741.9707031,1514.695801
9/17/2021,1087.729004,3388.814209,752.5299683,1504.952393
9/20/2021,1089.45813,3384.963379,741.9231567,1501.882446
9/21/2021,1094.16748,3419.887695,738.1655884,1529.11084
9/22/2021,1105.90686,3419.179932,729.4852295,1527.731934
9/23/2021,1132.934448,3425.46582,746.7509155,1550.555664
9/24/2021,1129.658447,3427.280762,761.7572021,1569.508789
9/27/2021,1148.655151,3396.870361,772.9584351,1531.513306
9/28/2021,1159.393433,3345.699219,768.1784058,1501.21521
9/29/2021,1150.202271,3356.987061,758.0948486,1505.797485
9/30/2021,1146.289063,3342.512695,758.617981,1490.626099
10/1/2021,1148.313843,3302.364258,752.7914429,1481.68335
10/4/2021,1163.078979,3340.521484,754.2422485,1493.784912
10/5/2021,1187.217407,3393.638916,758.855835,1506.287109
10/6/2021,1164.762451,3373.80835,768.1070557,1489.157959
10/7/2021,1170.4729,3446.403076,766.0141602,1504.685303
10/8/2021,1215.450928,3484.249756,762.2804565,1533.916016
10/11/2021,1206.987549,3262.87915,777.0966187,1504.640747
10/12/2021,1213.880981,3233.885498,775.098938,1499.47998
10/13/2021,1226.234619,3235.966064,779.7601318,1520.880127
10/14/2021,1228.714478,3203.368652,802.5908203,1526.708496
10/18/2021,1231.990723,3235.034668,794.4572754,1594.690674
10/19/2021,1243.024658,3223.504395,803.2089844,1621.385254
10/20/2021,1228.714478,3201.062744,796.145874,1603.766602
10/21/2021,1193.269165,3133.3396,797.3112183,1560.432495
10/22/2021,1195.498657,3103.492676,799.4277344,1530.312256
10/25/2021,1183.850342,3098.258545,788.1312866,1519.411987
10/26/2021,1210.809692,3089.078613,786.1098633,1529.421387
10/27/2021,1195.498657,3095.420654,781.3773804,1552.088257
10/28/2021,1182.394043,3035.015381,757.9758911,1529.60083
10/29/2021,1154.024414,3013.816162,752.862793,1497.148926
11/1/2021,1154.729614,3083.579102,763.5408936,1526.144775
11/2/2021,1137.893921,3090.497803,764.2305298,1524.214722
11/3/2021,1130.067871,3097.638184,752.1968994,1528.343872
11/4/2021,1137.006714,3112.18457,758.142395,1533.909668
11/8/2021,1138.417236,3106.951904,761.138916,1559.763794
11/9/2021,1147.403809,3109.567871,747.8210449,1564.252319
11/10/2021,1160.235107,3090.586426,739.7352295,1562.142578
11/11/2021,1162.351074,3094.045898,736.4296265,1555.993408
11/12/2021,1179.891602,3127.619385,738.6650391,1598.095581
11/15/2021,1172.930054,3151.789795,740.6865234,1604.334595
11/16/2021,1145.674805,3154.538818,736.2868652,1608.958008
11/17/2021,1121.149658,3123.9375,728.105896,1604.604126
11/18/2021,1125.381348,3082.958252,732.1964111,1597.377563
11/22/2021,1075.534668,3067.612793,720.7572632,1579.423462
11/23/2021,1085.590454,3072.802002,720.852417,1559.22522
11/24/2021,1069.915161,3054.219238,722.0415649,1522.508911
11/25/2021,1134.322144,3056.525146,725.7990112,1546.208496
11/26/2021,1097.761963,3057.368408,708.6523438,1518.60376
11/29/2021,1110.911865,3106.286133,714.0507813,1522.82312
11/30/2021,1094.48584,3130.368896,710.3884277,1537.455811
12/1/2021,1122.514771,3173.520508,715.6679688,1539.475464
12/2/2021,1129.726685,3231.265137,725.7039795,1569.41394
12/3/2021,1095.782715,3229.091553,719.901123,1558.013428
12/6/2021,1075.011475,3136.799072,715.2636719,1521.880493
12/7/2021,1083.770386,3179.464111,725.6801147,1536.557983
12/8/2021,1100.264526,3217.073242,739.0455933,1573.992432
12/9/2021,1117.714355,3194.765137,726.2271729,1583.059204
12/10/2021,1118.851807,3225.854248,724.1818848,1579.288818
12/13/2021,1096.419678,3201.772217,718.7595215,1566.182251
12/14/2021,1082.996826,3214.323486,714.621582,1572.915161
12/15/2021,1079.834473,3166.913086,713.4562988,1556.801147
12/16/2021,1093.803345,3176.892334,713.5038452,1590.375244
12/17/2021,1064.932861,3179.331543,700.6378174,1634.587524
12/20/2021,1036.22168,3154.982422,678.0926514,1614.882935
12/21/2021,1051.646484,3200.574463,685.7741699,1626.283691
12/22/2021,1076.604004,3220.487793,687.3912964,1638.043579
12/23/2021,1076.217163,3248.827148,686.868042,1667.578247
12/24/2021,1079.652588,3256.10083,684.3948364,1672.874634
12/27/2021,1078.49231,3278.453857,690.0549316,1675.25354
12/28/2021,1091.300781,3287.7229,694.8112793,1694.86853
12/29/2021,1093.166504,3277.21167,691.5055542,1692.669189
12/30/2021,1073.418945,3311.849609,695.144165,1699.222412
12/31/2021,1077.536743,3315.929688,703.6582031,1694.644043
1/3/2022,1093.78064,3386.358154,722.8025513,1704.249512
1/4/2022,1118.464966,3445.787109,727.0357056,1704.87793
1/5/2022,1123.697754,3424.67627,744.3013306,1655.952881
1/6/2022,1099.536499,3377.221191,732.362854,1631.849487
1/7/2022,1108.409302,3418.067627,737.4997559,1628.707642
1/10/2022,1109.319336,3441.440918,741.59021,1661.428833
1/11/2022,1117.304932,3473.417236,744.8007813,1665.782837
1/12/2022,1147.130737,3423.744385,740.401062,1685.397705
1/13/2022,1153.591919,3457.450439,726.7740479,1702.768311
1/14/2022,1155.275513,3519.762939,734.9312744,1731.988525
1/17/2022,1161.304321,3564.999756,723.6824951,1741.100464
1/18/2022,1147.449341,3539.67627,727.3686523,1724.268433
1/19/2022,1147.358398,3478.409912,722.2317505,1676.061401
1/20/2022,1127.269653,3400.127441,717.7370605,1637.145874
1/21/2022,1127.45166,3406.302979,723.7299805,1603.033081
1/24/2022,1081.973145,3351.079346,707.1065063,1559.135376
1/25/2022,1079.8573,3349.790771,707.7724609,1545.984009
1/27/2022,1063.863525,3242.585449,701.5415649,1506.888794
1/28/2022,1062.839844,3278.839355,695.9765625,1513.711426
1/31/2022,1085.931763,3319.890137,706.6547241,1558.59668
2/1/2022,1082.337036,3377.113525,712.0293579,1590.779541
2/2/2022,1084.543823,3426.473389,728.2961426,1604.290039
2/3/2022,1070.529541,3398.394775,720.7572632,1560.706421
2/4/2022,1060.769409,3389.775635,724.871582,1562.995605
2/7/2022,1054.30835,3357.875977,698.3071899,1539.56543
2/8/2022,1072.031006,3326.288818,695.31073,1541.630127
2/9/2022,1084.52124,3341.482422,712.3146973,1559.584106
2/10/2022,1083.406372,3350.190674,725.3947754,1588.579956
2/11/2022,1081.290649,3283.192871,722.4219971,1545.265747
2/14/2022,1064.068359,3317.668701,700.9470215,1510.120361
2/15/2022,1100.196411,3392.352783,721.9226685,1560.437012
2/16/2022,1097.921387,3388.17627,720.9475708,1555.993408
2/17/2022,1111.821777,3362.496582,716.5479126,1548.362915
2/18/2022,1103.131226,3371.116211,719.3303223,1532.338745
2/21/2022,1091.983276,3304.91748,723.9677734,1553.659302
2/22/2022,1087.023682,3186.739258,718.5455322,1556.935913
2/23/2022,1080.221313,3166.658203,713.8843384,1564.566406
2/24/2022,1026.393188,3022.577393,675.1199341,1506.484741
2/25/2022,1039.224854,3128.405029,692.5758057,1521.252197
2/28/2022,1073.623535,3158.127686,678.3779297,1540.104004
3/2/2022,1091.369141,3150.974854,653.6448975,1528.613403
3/3/2022,1082.155151,3149.420166,652.098938,1544.816895
3/4/2022,1058.153198,3131.604004,649.9586792,1547.016235
3/7/2022,1019.022278,3096.550293,630.1245728,1561.873291
3/8/2022,1017.179382,3198.779541,631.5515137,1596.300171
3/9/2022,1071.143799,3227.791504,652.1703491,1627.854736
3/10/2022,1088.502441,3217.439209,662.4202881,1639.120972
3/11/2022,1091.64209,3198.068359,664.3704834,1635.619873
3/14/2022,1100.605835,3237.032471,686.1308594,1697.292358
3/15/2022,1075.398193,3193.403564,677.3078003,1651.150269
3/16/2022,1093.553223,3248.494385,688.7944336,1696.125366
3/17/2022,1129.203369,3263.467529,703.9673462,1664.885254
3/21/2022,1122.696777,3222.54834,707.0350952,1663.49353
3/22/2022,1151.703735,3288.52417,710.6737671,1694.329956
3/23/2022,1155.366577,3298.697754,703.586792,1680.864258
3/24/2022,1173.31665,3331.975098,686.1784668,1693.701538
3/25/2022,1181.142944,3294.299805,680.5896606,1684.589844
3/28/2022,1193.018921,3294.521973,681.4934692,1682.210938
3/29/2022,1193.291748,3292.434082,690.5305176,1693.072998
3/30/2022,1216.224609,3315.713623,702.4928589,1709.18689
3/31/2022,1198.843018,3323.178223,699.3536377,1711.790039
4/1/2022,1208.443726,3339.883301,716.3100586,1708.827881
4/4/2022,1212.015625,3350.190674,788.0361938,1690.334961
4/5/2022,1194.884399,3389.687256,764.9439697,1670.720093
4/6/2022,1191.699341,3336.861816,737.6424561,1641.769165
4/7/2022,1170.677856,3273.596436,721.4231567,1625.745117
4/8/2022,1190.152222,3274.928955,720.4244385,1628.976807
4/11/2022,1187.672485,3284.481201,711.6251221,1585.842041
4/12/2022,1165.308594,3279.772217,710.364563,1564.207275
4/13/2022,1161.031372,3253.870117,696.7851563,1569.68335
4/18/2022,1157.482178,3134.891602,663.7283936,1455.540039
4/19/2022,1201.595703,3084.999023,638.4006348,1402.216431
4/20/2022,1236.927368,3160.437988,644.1558838,1425.287354
4/21/2022,1265.889038,3224.280762,653.6924438,1453.206055
4/22/2022,1255.287109,3209.975586,644.7741089,1423.267212
4/25/2022,1226.257446,3152.796387,649.6019287,1401.408325
4/26/2022,1262.954224,3151.107666,652.5985107,1419.272583
4/27/2022,1264.182617,3164.347412,652.8362427,1393.95752
4/28/2022,1283.065796,3184.873779,652.2655029,1420.708984
4/29/2022,1269.597412,3151.463379,658.567688,1407.198486
5/2/2022,1265.138062,3147.642334,667.6523438,1383.364502
5/4/2022,1225.643066,3091.973877,644.9644165,1378.472168
5/5/2022,1201.641235,3121.874023,643.5137329,1422.998413
5/6/2022,1192.427246,3050.078369,626.6999512,1385.025269
5/9/2022,1145.856812,3061.185791,627.7701416,1409.71228
5/10/2022,1125.995483,3055.543213,637.8536987,1394.137085
5/11/2022,1114.460938,3031.77417,641.4447021,1370.572266
5/12/2022,1091.755859,3028.797363,626.9856567,1354.458618
5/13/2022,1104.132202,3034.351074,621.3560181,1350.508545
5/16/2022,1104.405151,3000.496338,627.9719849,1336.77356
5/17/2022,1150.793701,3066.960693,632.2544556,1363.121338
5/18/2022,1154.979736,3064.473145,632.2063599,1354.817505
5/19/2022,1128.36145,2898.445557,619.2869873,1281.160767
5/20/2022,1194.156372,2926.035156,635.5984497,1306.296753
5/23/2022,1186.171021,2951.581787,627.442749,1318.191284
5/24/2022,1190.243286,2921.592773,634.6361694,1293.593994
5/25/2022,1188.491455,2833.61377,639.3757324,1266.168945
5/26/2022,1177.161621,2886.660156,657.6119385,1278.288086
5/27/2022,1171.701416,2917.388428,669.8095703,1311.862183
5/30/2022,1212.516113,3019.321533,674.3807373,1370.617188
5/31/2022,1197.887207,3009.571289,668.3179321,1364.085205
6/1/2022,1198.274292,3001.385742,671.1568604,1341.359497
6/2/2022,1239.589233,3062.036865,666.4654541,1368.077026
6/3/2022,1264.705933,3077.37793,664.1558838,1380.505615
6/6/2022,1259.268555,3069.147949,663.265686,1388.080933
6/7/2022,1261.634644,3008.094971,655.6391602,1366.897705
6/8/2022,1239.475586,3045.174316,657.9488525,1360.819214
6/9/2022,1273.464966,3065.704346,662.9048462,1374.42749
6/10/2022,1235.016479,3005.590576,650.1057129,1339.771973
6/13/2022,1211.651367,2880.085449,638.3171387,1292.324707
6/14/2022,1195.816895,2871.989746,631.2921143,1306.885498
6/15/2022,1181.347778,2868.1875,629.1027832,1290.238159
6/16/2022,1164.830811,2810.668213,616.5202637,1267.557617
6/17/2022,1178.481079,2763.168213,620.5861816,1258.576416
6/20/2022,1157.118286,2784.189697,636.1759644,1282.935181
6/21/2022,1175.796509,2873.242188,643.1047974,1315.367798
6/22/2022,1140.078125,2883.082031,640.0733643,1303.891602
6/23/2022,1121.581787,2959.879395,642.4311523,1317.681152
6/24/2022,1137.552856,2945.834473,651.4049072,1307.384277
6/27/2022,1134.185791,2965.156738,652.5837402,1337.776001
6/28/2022,1150.133911,2968.242676,647.6036377,1342.811035
6/29/2022,1173.999268,2943.508789,646.6653442,1327.479248
6/30/2022,1181.05188,2922.576172,648.6141357,1326.254517
7/1/2022,1095.987427,2965.514648,651.3808594,1342.130859
7/4/2022,1098.262451,2893.90625,652.2950439,1349.932617
7/5/2022,1107.157959,2877.133301,650.8275146,1339.000488
7/6/2022,1097.420776,2916.895996,659.8012695,1353.244019
7/7/2022,1086.614136,2941.138184,671.6139526,1359.639771
7/8/2022,1088.115845,2921.100586,672.2394409,1373.928467
7/11/2022,1102.903687,2785.442627,676.5940552,1336.460571
7/12/2022,1101.333862,2759.410645,669.68927,1305.116455
7/13/2022,1081.813843,2718.306152,653.3536377,1310.423584
7/14/2022,1090.732056,2689.605225,650.0817261,1296.270996
7/15/2022,1092.8479,2685.883301,655.3746338,1297.631836
7/18/2022,1102.152954,2747.68042,648.397583,1351.656494
7/19/2022,1108.909912,2757.321777,648.6383057,1346.440063
7/20/2022,1138.89502,2838.537109,656.8180542,1374.699707
7/21/2022,1131.296387,2849.748535,654.7490234,1390.666626
7/22/2022,1138.940674,2844.0979,670.026123,1366.534668
7/25/2022,1101.311035,2840.2854,671.9988403,1364.085205
7/26/2022,1101.811646,2794.678467,670.6275635,1316.501953
7/27/2022,1100.765137,2860.108154,675.7520142,1334.55542
7/28/2022,1118.010132,2924.371582,681.7424927,1376.60498
7/29/2022,1141.829956,2961.503418,690.0906982,1405.907715
8/1/2022,1171.587646,2958.7229,695.8407593,1407.132324
8/2/2022,1176.046753,2952.44458,688.1901855,1400.373779
8/3/2022,1185.920654,2995.226807,689.802063,1420.786133
8/4/2022,1170.245361,3009.08374,688.9840698,1451.449951
8/5/2022,1153.000366,3018.143066,686.6505127,1466.64563
8/8/2022,1168.084106,3026.57373,703.491333,1469.140625
8/10/2022,1175.068604,3008.456299,705.5363159,1453.763306
8/11/2022,1178.981689,3069.670654,714.8709106,1469.639404
8/12/2022,1198.046631,3050.880615,714.6063232,1446.18811
8/16/2022,1206.373413,3042.942871,722.7861328,1448.319824
8/17/2022,1212.675415,3050.477051,726.5151978,1457.210693
8/18/2022,1214.874634,3032.673096,727.3812256,1436.07251
8/19/2022,1193.213623,3036.70874,718.4075317,1448.90979
8/22/2022,1189.904053,3008.72583,707.4849854,1429.449951
8/23/2022,1208.255249,2945.987061,705.2957153,1399.285156
8/24/2022,1205.036987,2919.752197,708.6879272,1394.839722
8/25/2022,1201.522095,2886.431641,704.838562,1377.285278
8/26/2022,1195.108032,2890.019287,704.9588623,1380.369873
8/29/2022,1185.818359,2809.612061,692.5928955,1326.11853
8/30/2022,1204.215088,2880.108887,715.0633545,1354.423462
9/1/2022,1168.813965,2808.849365,708.3511353,1328.341064
9/2/2022,1155.164673,2807.68335,714.7746582,1318.180298
9/5/2022,1173.10498,2810.374023,719.369873,1325.710205
9/6/2022,1185.453247,2804.679199,716.6271973,1320.085571
9/7/2022,1178.560181,2824.904053,713.2349854,1322.398926
9/8/2022,1180.226196,2842.886963,720.5968628,1338.955566
9/9/2022,1172.876831,2885.938965,721.078064,1371.388306
9/12/2022,1186.000977,2908.630615,718.6481323,1393.660278
9/13/2022,1195.906982,2896.432373,728.0549316,1401.598389
9/14/2022,1181.572876,2798.714111,735.5371094,1338.501831
9/15/2022,1169.863892,2784.318848,731.711792,1299.854614
9/16/2022,1140.876343,2698.529053,718.2631226,1249.277344
9/19/2022,1142.359985,2716.557373,723.0026245,1261.297974
9/20/2022,1142.54248,2726.871582,731.711792,1259.710449
9/21/2022,1145.692505,2691.802979,730.5810547,1249.45874
9/22/2022,1134.896118,2697.363037,715.0152588,1241.021729
9/23/2022,1113.623413,2674.627441,695.8407593,1238.75354
9/26/2022,1085.252319,2685.704102,686.4579468,1252.180542
9/27/2022,1093.880005,2706.377441,680.2990112,1264.24646
9/28/2022,1064.755493,2722.701172,668.6066284,1265.289673
9/29/2022,1061.491577,2688.304688,665.1422119,1268.873291
9/30/2022,1085.434937,2694.807861,683.9078369,1282.300049
10/3/2022,1081.668823,2677.228271,679.9862061,1264.427979
10/4/2022,1101.617554,2772.479492,699.1367188,1296.77002
10/6/2022,1105.680298,2782.16626,691.4381104,1320.130981
10/7/2022,1110.359497,2748.935303,688.454834,1316.547363
10/10/2022,1098.239624,2797.055176,680.852356,1326.934937
10/11/2022,1076.373291,2753.106445,673.9476318,1291.689453
10/12/2022,1084.293579,2781.090088,678.3503418,1296.135132
10/13/2022,1087.740112,2783.376953,670.5553589,1288.151611
10/14/2022,1082.216553,2779.654541,692.4003906,1337.458374
10/17/2022,1099.586182,2798.178955,696.0332642,1351.70166
10/18/2022,1118.987427,2827.808594,694.7340698,1364.175903
10/19/2022,1138.456909,2807.261475,701.8553467,1347.619263
10/20/2022,1141.515503,2839.13916,697.1159058,1361.635742
10/21/2022,1128.276978,2821.244385,692.2079468,1361.272949
10/24/2022,1132.043091,2843.095703,703.0101318,1377.013062
10/25/2022,1114.559326,2843.455811,698.1263428,1384.679077
10/27/2022,1118.94165,2839.229248,699.8104248,1397.65625
10/28/2022,1153.178955,2844.489746,701.8793335,1387.84314
10/31/2022,1163.883789,2871.376465,720.1636963,1410.220947
11/1/2022,1154.86792,2931.220459,728.1271362,1442.641235
11/2/2022,1162.080566,2915.03418,728.5841675,1424.574097
11/3/2022,1166.417358,2883.605957,725.3845215,1403.892944
11/4/2022,1183.581665,2893.182861,720.3803101,1388.530884
11/7/2022,1189.904053,2907.840332,725.9859619,1382.523682
11/9/2022,1188.717163,2891.968994,725.7693481,1385.962891
11/10/2022,1174.337646,2882.616455,733.6605835,1377.479492
11/11/2022,1201.407837,2981.802246,775.2333984,1439.981567
11/14/2022,1195.587524,2999.381592,777.1100464,1453.921997
11/15/2022,1190.223633,2996.77417,779.0105591,1461.901001
11/16/2022,1183.399048,3017.232178,785.6988525,1469.971802
11/17/2022,1186.45752,3011.521973,778.6016235,1455.848022
11/18/2022,1185.818359,3006.53125,776.5566406,1461.350708
11/21/2022,1164.477295,2952.622314,768.5933228,1438.239258
11/22/2022,1170.936523,2980.902832,767.4625854,1453.692871
11/23/2022,1167.284668,2974.923096,769.4594116,1451.950195
11/24/2022,1177.350464,3039.532715,781.9697876,1494.734253
11/25/2022,1194.925415,3048.074951,778.3610229,1500.099365
11/28/2022,1235.987427,3053.111328,769.9886475,1488.864746
11/29/2022,1238.110107,3054.999512,768.8338623,1494.046509
11/30/2022,1246.852051,3049.109863,773.9342651,1499.45752
12/1/2022,1243.177368,3125.408936,779.2512207,1519.771851
12/2/2022,1242.652222,3092.587158,773.284668,1502.162964
12/5/2022,1224.529297,3080.672363,776.0995483,1503.859619
12/6/2022,1228.067261,3044.20874,775.2333984,1479.234863
12/7/2022,1209.944336,3039.936768,774.8965454,1472.447998
12/8/2022,1209.373779,3012.915283,779.2512207,1485.884033
12/9/2022,1191.045288,2960.939697,784.8087158,1439.248047
12/12/2022,1192.871338,2955.274414,790.9194946,1418.97937
12/13/2022,1198.303711,2996.324951,793.1088257,1441.861694
12/14/2022,1193.966919,3026.223389,799.8210449,1448.510986
12/15/2022,1177.008057,2972.045654,785.1695557,1412.834717
12/16/2022,1171.187622,2913.730225,788.9467163,1396.05127
12/19/2022,1186.571655,2879.380127,791.4006348,1382.431885
12/20/2022,1196.843018,2917.057617,785.9393921,1382.38623
12/21/2022,1179.815552,2939.178467,778.3369141,1384.449585
12/22/2022,1176.756958,2931.220459,775.6665649,1395.91394
12/23/2022,1142.24585,2903.028809,768.7376709,1373.031494
12/26/2022,1152.220337,2925.105713,784.0388184,1377.892334
12/27/2022,1161.646973,2931.040283,784.8327637,1389.310425
12/28/2022,1161.532959,2928.882568,784.2072754,1384.999878
12/29/2022,1161.007813,2939.358398,789.7406616,1391.786865
12/30/2022,1162.788208,2928.522461,783.413208,1383.211548
1/2/2023,1175.889648,2932.793701,783.6778564,1397.702271
1/3/2023,1167.284668,2977.665039,788.8023682,1396.372314
1/4/2023,1149.709595,2980.632568,774.7041626,1370.921997
1/5/2023,1147.655396,2977.441162,769.7240601,1352.946411
1/6/2023,1158.086304,2887.922119,767.1739502,1328.459106
1/9/2023,1185.430298,2985.398926,768.6655273,1361.42981
1/10/2023,1167.901001,2955.229736,754.6154175,1347.947876
1/11/2023,1153.178955,2993.26709,765.4897461,1349.32373
1/12/2023,1128.276978,2998.347656,769.5796509,1357.898804
1/13/2023,1126.451172,3034.497314,770.1812134,1379.038574
1/16/2023,1115.723389,3066.225586,762.7952881,1399.077881
1/17/2023,1131.563721,3107.013184,774.1508179,1411.917603
1/18/2023,1129.692261,3117.681152,787.815979,1417.328613
1/19/2023,1128.482544,3102.138672,791.0878906,1411.36731
1/20/2023,1115.061523,3092.941895,799.1955566,1399.123657
1/23/2023,1109.423706,3140.580566,805.0418091,1419.713013
1/24/2023,1102.873047,3160.261719,815.8199463,1423.289917
1/25/2023,1087.625977,3154.238037,793.2772217,1415.127563
1/27/2023,1066.99231,3137.040039,777.4708862,1393.254028
1/30/2023,1077.218018,3157.824707,776.6768799,1411.275635
1/31/2023,1074.524536,3088.895508,771.5525513,1406.644165
2/1/2023,1068.156494,3134.556885,783.1245728,1422.556274
2/2/2023,1062.244751,3182.425293,771.4802856,1452.50061
2/3/2023,1063.180664,3202.566895,798.1610718,1466.853638
2/6/2023,1055.169067,3182.011719,794.7688599,1439.752319
2/7/2023,1052.635498,3193.600098,795.9476318,1432.919922
2/8/2023,1073.657227,3237.330566,795.8514404,1458.69104
2/9/2023,1075.528809,3256.41333,794.1914673,1482.994995
2/10/2023,1066.672974,3253.378418,797.3431396,1475.245361
2/13/2023,1060.60144,3202.658447,797.944519,1437.55127
2/14/2023,1085.594604,3218.936768,805.3304443,1461.213257
2/15/2023,1110.17688,3237.835693,803.694519,1464.698364
2/16/2023,1109.309692,3272.231201,800.7835083,1469.05481
2/17/2023,1113.942993,3219.902588,796.7657471,1452.546387
2/20/2023,1102.165405,3207.164551,789.2835083,1460.479492
2/21/2023,1111.158447,3173.781006,792.2427368,1448.602783
2/22/2023,1085.959839,3128.303467,776.7009888,1432.369629
2/23/2023,1080.755737,3139.569092,771.432251,1422.189453
2/24/2023,1088.151001,3127.291748,764.5514526,1422.143677
2/27/2023,1080.915527,3064.202637,766.4521484,1384.220337
2/28/2023,1060.236206,3046.728516,769.6759033,1364.272827
3/1/2023,1069.9823,3113.726074,768.9301758,1372.068359
3/2/2023,1061.833984,3054.637939,762.3862305,1350.14917
3/3/2023,1088.927002,3073.674805,777.5189819,1356.706543
3/6/2023,1099.563354,3100.989502,783.0042725,1382.523682
3/8/2023,1103.512085,3118.049072,784.5681763,1368.996216
3/9/2023,1076.989624,3068.801025,784.6402588,1357.715454
3/10/2023,1060.30481,3063.42041,764.4072266,1349.598877
3/13/2023,1042.866455,3018.310303,754.7357178,1316.169556
3/14/2023,1038.963501,2956.692627,752.7147827,1302.320923
3/15/2023,1021.205811,2941.932129,741.9125977,1302
3/16/2023,1016.115784,2929.148926,746.7242432,1287.738647
3/17/2023,1014.837646,2923.906982,756.7084961,1302.962891
3/20/2023,1004.86322,2890.798828,751.4636841,1287.325684
3/21/2023,1036.110229,2856.58667,759.9804077,1275.449097
3/22/2023,1039.260132,2879.302734,758.2241211,1274.119263
3/23/2023,1026.113159,2873.646729,752.1374512,1260.637573
3/24/2023,1005.79895,2869.830078,750.9344482,1266.231934
3/27/2023,1021.433899,2871.485352,754.2064209,1273.844116
3/28/2023,1026.204468,2865.599609,760.3412476,1263.434692
3/29/2023,1020.133057,2886.751953,763.9981689,1268.891602
3/31/2023,1064.116455,2948.369385,774.463562,1309.612061
4/3/2023,1064.299072,2942.943848,774.9447021,1293.929321
4/5/2023,1061.742676,2979.546631,795.7310791,1305.576782
4/6/2023,1068.864014,2961.980713,801.7938843,1304.063354
4/10/2023,1061.286133,3001.250244,797.9926147,1309.291138
4/11/2023,1066.535889,2955.635254,800.3262939,1289.618652
4/12/2023,1071.237793,2981.248047,810.7196045,1309.932983
4/13/2023,1075.277832,2932.689697,814.352356,1274.073364
4/17/2023,1080.73291,2887.303955,801.9382935,1154.021362
4/18/2023,1068.361816,2879.256348,798.5460205,1154.984497
4/19/2023,1073.680054,2841.411865,801.4810791,1130.084351
4/20/2023,1070.963867,2855.391357,804.4644165,1122.013794
4/21/2023,1072.310547,2906.939209,805.7635498,1125.636353
4/24/2023,1076.419067,2919.768555,812.2833252,1124.67334
4/25/2023,1084.658691,2920.871338,800.7353516,1123.389404
4/26/2023,1078.290649,2941.242188,804.4162598,1125.819824
4/27/2023,1085.115234,2931.861816,808.8429565,1142.969971
4/28/2023,1104.949951,2960.647217,812.0186768,1148.931396
5/2/2023,1114.331055,2960.785156,811.8502808,1171.584229
5/3/2023,1104.767456,2924.458252,814.689209,1163.97229
5/4/2023,1117.503662,2961.980713,831.3616943,1168.00769
5/5/2023,1114.650635,2971.177246,782.2103271,1154.755005
5/8/2023,1128.414063,2989.47876,791.2563477,1160.716431
5/9/2023,1131.906128,3019.506104,791.2803345,1165.393799
5/10/2023,1139.689575,3022.77124,794.9372559,1158.561279
5/11/2023,1132.248535,3018.494385,795.4665527,1152.003662
5/12/2023,1134.097412,3011.275391,802.4916382,1142.006958
5/15/2023,1136.334229,2993.571777,806.3410034,1154.067261
5/16/2023,1120.151489,2996.422607,801.7174072,1159.52417
5/17/2023,1113.532104,2950.944824,797.4102173,1143.566284
5/18/2023,1111.135742,2942.806396,800.5980225,1142.740601
5/19/2023,1114.741943,2963.957764,801.5227661,1163.743042
5/22/2023,1120.699219,3033.715088,798.6757202,1185.662231
5/23/2023,1120.493774,3032.19751,796.8018799,1192.311523
5/24/2023,1113.96582,3037.991943,786.3868408,1191.027466
5/25/2023,1113.828979,3028.932617,783.3693237,1196.255127
5/26/2023,1144.208862,3061.489258,786.3868408,1208.269287
5/29/2023,1150.645386,3053.625977,795.9744873,1205.472168
5/30/2023,1150.348633,3049.809814,796.5828857,1214.139038
5/31/2023,1127.500854,3025.254395,783.9777222,1209.049072
6/1/2023,1124.46521,3056.98291,780.6439209,1210.149536
6/2/2023,1120.790405,3040.061279,781.8606567,1207.361206
6/5/2023,1130.856323,3024.702393,780.838623,1212.473267
6/6/2023,1131.814819,2972.64917,778.4051514,1188.772095
6/7/2023,1140.397095,3011.827148,782.4445801,1198.020142
6/8/2023,1141.081787,2976.46582,782.9312744,1192.304199
6/9/2023,1133.001709,2951.49707,783.8560181,1176.6427
6/12/2023,1134.006104,2986.076172,779.0864868,1200.808472
6/13/2023,1150.759521,2983.133057,780.4005737,1212.798584
6/14/2023,1164.910767,2989.893066,779.5488892,1208.662598
6/15/2023,1165.230469,2979.932861,769.9611816,1196.021973
6/16/2023,1176.574463,2941.574951,780.0355835,1200.529907
6/19/2023,1164.888062,2974.466309,780.71698,1202.714111
6/20/2023,1167.307495,2990.494873,782.34729,1211.450928
6/21/2023,1170.594238,3018.753418,796.0231323,1207.686523
6/22/2023,1157.447144,3000.500977,799.916626,1191.142334
6/23/2023,1147.974976,2979.979492,799.867981,1175.759766
6/26/2023,1139.210083,2955.241699,795.9989014,1180.7323
6/27/2023,1139.621094,2962.375732,807.21698,1188.911621
6/28/2023,1154.708252,2979.145508,815.7583618,1202.109863
6/30/2023,1164.180542,3059.566406,828.0471191,1241.286377
7/3/2023,1194.05835,3031.816895,837.0021973,1239.613281
7/4/2023,1181.755615,3065.681641,841.090271,1250.255615
7/5/2023,1179.815552,3075.965332,814.3712769,1252.254028
7/6/2023,1204.580444,3078.698975,815.1986084,1249.09375
7/7/2023,1202.229492,3084.582031,808.0930176,1236.360107
7/10/2023,1248.541016,3031.493652,806.1705933,1235.384277
7/11/2023,1262.07605,3031.909912,802.2527466,1253.462158
7/12/2023,1263.468506,3020.328857,794.7335205,1239.241699
7/13/2023,1252.170166,3095.052002,798.6999512,1268.798218
7/14/2023,1251.120361,3256.357178,800.3546753,1325.355347
7/17/2023,1276.684082,3235.094238,817.0966797,1322.567017
7/18/2023,1287.525879,3239.865234,816.4152832,1371.131104
7/19/2023,1297.294922,3215.035156,820.1141357,1370.898804
7/20/2023,1295.723877,3217.124756,821.890564,1347.244141
7/21/2023,1255.613403,3128.877686,815.5635986,1237.661499
7/24/2023,1230.216797,3153.44751,816.8533325,1242.308594
7/25/2023,1229.425537,3157.534668,825.7109985,1240.449829
7/26/2023,1249.406494,3147.455811,822.8395386,1253.69458
7/27/2023,1237.783813,3155.444824,814.2982178,1257.691406
7/28/2023,1250.222534,3116.894531,799.867981,1245.933594
7/31/2023,1260.806519,3178.249512,803.6154175,1260.061401
8/1/2023,1242.976807,3206.674561,808.9933472,1268.891113
8/2/2023,1229.69751,3196.084473,798.40802,1261.130249
8/3/2023,1224.529053,3158.277832,792.6407471,1268.05481
8/4/2023,1241.171753,3198.77832,804.1021729,1281.113525
8/7/2023,1248.244263,3236.399902,803.6397705,1294.730103
8/8/2023,1240.726563,3223.90625,802.9828491,1292.127563
8/9/2023,1248.911865,3216.381348,803.2748413,1296.03125
8/10/2023,1254.47583,3197.431885,796.1448364,1291.105225
8/11/2023,1259.767822,3203.655762,787.8468628,1275.072021
8/14/2023,1274.654785,3204.630615,784.0020752,1295.241333
8/16/2023,1273.616089,3212.572998,781.7145996,1318.43103
8/17/2023,1255.242554,3191.533203,777.3831177,1311.971436
8/18/2023,1264.540649,3127.762939,774.1953125,1290.826294
8/21/2023,1250.742676,3159.856689,773.5870361,1306.255371
8/22/2023,1250.444824,3141.74292,770.2774658,1304.721558
8/23/2023,1251.834595,3156.698486,772.1755981,1308.625244
8/24/2023,1230.790405,3146.944824,768.6228027,1323.171265
8/25/2023,1225.107544,3140.953125,759.9598389,1319.918213
8/28/2023,1212.897705,3135.612061,767.8684082,1315.782227
8/29/2023,1201.283813,3136.169189,773.9763184,1317.640991
8/30/2023,1200.142334,3149.917236,768.3307495,1333.906494
8/31/2023,1194.657837,3118.19458,764.8023071,1334.185425
9/1/2023,1197.461914,3139.002441,766.3839722,1341.992676
9/4/2023,1196.494141,3175.509277,771.1779175,1361.74353
9/5/2023,1202.896973,3185.588135,766.4813843,1374.57019
9/6/2023,1205.428101,3186.098877,776.5070801,1373.22229
9/7/2023,1207.065918,3209.647217,783.9777222,1362.766113
9/8/2023,1215.106445,3197.246094,790.0856934,1365.926147
9/11/2023,1228.209473,3233.241943,794.1738281,1372.292847
9/12/2023,1210.46582,3326.272705,796.6559448,1395.203857
9/13/2023,1216.520996,3314.243164,800.0626831,1392.647949
9/14/2023,1217.637695,3306.998047,799.5759888,1400.641235
9/15/2023,1219.895996,3342.528809,808.75,1404.963379
9/18/2023,1209.274658,3349.820801,792.8353882,1386.560059
9/20/2023,1182.324097,3349.728027,761.0304565,1385.119385
9/21/2023,1173.712769,3330.453125,755.9932861,1395.808228
9/22/2023,1168.823975,3347.498291,744.4588623,1390.603271
9/25/2023,1161.627319,3322.88208,745.1158447,1370.155396
9/26/2023,1162.644775,3330.823975,748.352356,1357.607544
9/27/2023,1175.747803,3334.168701,743.0961304,1363.509521
9/28/2023,1158.475708,3285.354248,741.5630493,1337.903076
9/29/2023,1163.88562,3277.782959,742.8284302,1334.185425
10/3/2023,1150.559204,3264.081543,733.9464722,1332.837646
10/4/2023,1148.573853,3286.282959,744.4102173,1342.457397
10/5/2023,1148.549194,3334.215332,747.4276123,1360.209961
10/6/2023,1150.484741,3363.987061,746.6003418,1374.384277
10/9/2023,1140.682251,3379.732422,737.9372559,1371.363525
10/10/2023,1145.719971,3370.953613,742.1227417,1389.673828
10/11/2023,1163.9104,3353.304443,749.3013306,1388.976563
10/12/2023,1166.069336,3290.741699,754.289856,1362.115356
10/13/2023,1166.019775,3317.030029,747.4276123,1330.188721
10/16/2023,1163.414063,3273.556396,744.4344482,1332.977051
10/17/2023,1168.9729,3257.765137,750.0800171,1340.691406
10/18/2023,1153.462769,3239.372559,739.640625,1338.925537
10/19/2023,1144.603271,3218.324463,737.3045044,1332.512329
10/20/2023,1141.104248,3254.552979,741.125061,1326.563843
10/23/2023,1123.286011,3175.949463,732.9730225,1309.276001
10/25/2023,1120.68042,3157.276367,728.3251953,1289.881226
10/26/2023,1105.070801,3107.590088,712.2158813,1279.901611
10/27/2023,1124.576538,3120.815186,715.0143433,1299.578613
10/30/2023,1147.755005,3146.519531,722.7769775,1296.471802
10/31/2023,1135.545288,3137.392578,718.5914917,1288.328003
11/1/2023,1140.260376,3101.90918,717.6181641,1274.911743
11/2/2023,1151.57666,3129.336914,718.7131348,1289.975342
11/3/2023,1151.328491,3120.768066,722.1199951,1307.769531
11/6/2023,1160.907593,3148.102783,727.3518066,1321.185669
11/7/2023,1153.363403,3138.97583,723.8233032,1322.127197
11/8/2023,1159.369019,3149.313477,725.9161377,1309.605347
11/9/2023,1146.787109,3117.55542,723.0446777,1294.353394
11/10/2023,1148.946167,3104.51709,725.8917847,1288.751465
11/13/2023,1148.797363,3102.747559,724.5777588,1293.176514
11/15/2023,1169.568481,3170.500977,732.1700439,1327.964478
11/16/2023,1171.677856,3257.626221,734.0924072,1360.35144
11/17/2023,1169.121826,3261.910156,732.5106812,1353.431519
11/20/2023,1166.044556,3277.882568,732.5593262,1352.537109
11/21/2023,1180.710938,3269.128174,738.7646484,1354.796753
11/22/2023,1185.326782,3287.707764,736.1365356,1372.496704
11/23/2023,1188.950073,3267.312012,740.3950195,1364.446899
11/24/2023,1188.155884,3219.675049,745.6511841,1353.290405
11/28/2023,1188.404053,3231.828613,743.972168,1358.280151
11/29/2023,1191.530884,3272.434082,758.81604,1374.191284
11/30/2023,1179.991333,3248.080078,758.645752,1370.001709
12/1/2023,1188.354492,3270.478027,756.9909668,1367.318481
12/4/2023,1201.209351,3271.223633,783.2720337,1378.66333
12/5/2023,1209.919922,3289.058594,790.2316284,1368.871826
12/6/2023,1221.509155,3356.579346,792.2270508,1388.03125
12/7/2023,1219.498901,3366.637939,793.5167236,1380.122681
12/8/2023,1218.853638,3377.626953,804.5888672,1403.89502
12/11/2023,1220.640503,3392.7146,803.5181885,1401.400146
12/12/2023,1203.120117,3419.909424,795.536499,1389.678711
12/13/2023,1208.033691,3346.753906,793.7357788,1364.211548
12/14/2023,1223.022827,3415.39209,803.1044922,1413.592407
12/15/2023,1238.632324,3595.835938,806.2192993,1486.039673
12/18/2023,1251.239014,3594.159668,805.805542,1472.811646
12/19/2023,1269.65271,3554.112549,804.4428101,1467.115845
12/20/2023,1254.291382,3520.446045,806.4382935,1446.497437
12/21/2023,1271.86145,3527.384033,820.8927612,1446.120728
12/22/2023,1273.102295,3561.376953,813.178833,1471.446777
12/26/2023,1279.554443,3534.880615,818.8244019,1453.605591
12/27/2023,1283.922241,3549.455811,828.9718628,1475.401001
12/28/2023,1293.203491,3538.932129,829.9208374,1471.211304
12/29/2023,1282.979004,3532.878418,831.8676147,1452.617065
1/1/2024,1285.609619,3549.363281,826.44104,1460.572388
1/2/2024,1296.255859,3523.378906,826.9277344,1444.614258
1/3/2024,1282.160156,3438.209473,814.1765747,1402.8125
1/4/2024,1288.786011,3414.973389,822.9125366,1424.184082
1/5/2024,1294.270508,3481.19043,818.7026978,1442.872681
1/8/2024,1284.170288,3425.683594,809.5773926,1433.693237
1/9/2024,1280.770508,3436.486816,803.2748413,1439.812866
1/10/2024,1315.314819,3458.046875,805.9271851,1430.962891
1/11/2024,1349.908813,3479.001709,802.5447998,1406.766724
1/12/2024,1360.654175,3616.13916,798.7485962,1518.379639
1/15/2024,1383.882324,3635.696533,814.1279297,1555.427124
1/16/2024,1364.525513,3596.115479,817.2183228,1536.079712
1/17/2024,1351.571289,3617.81543,748.2792969,1544.223389
1/18/2024,1357.899536,3634.578613,723.2879639,1546.483032
1/19/2024,1357.403198,3697.834961,715.7443848,1562.111572
1/23/2024,1318.813843,3618.308105,694.6708984,1546.059448
1/24/2024,1334.001465,3602.881348,708.5657959,1577.363647
1/25/2024,1343.133789,3573.340088,698.3453979,1571.432251
1/29/2024,1437.411133,3564.618408,707.9573975,1559.663818
1/30/2024,1397.283081,3564.196289,702.9202271,1554.815063
1/31/2024,1416.143555,3578.638916,711.8022461,1563.712158
2/1/2024,1416.168335,3614.462891,713.6516113,1560.087646
2/2/2024,1446.990112,3719.638672,703.8206177,1594.263428
2/5/2024,1428.452393,3726.203369,703.1878662,1588.473267
2/6/2024,1417.309814,3878.7854,702.822876,1628.250977
2/7/2024,1431.554443,3829.456299,695.9362793,1594.639893
2/8/2024,1439.470825,3877.003662,682.8444824,1593.086426
2/9/2024,1450.0177,3876.628418,683.1121216,1571.667603
2/12/2024,1441.679443,3864.436768,676.4931641,1581.788574
2/13/2024,1454.335815,3891.445068,678.6589355,1585.978394
2/14/2024,1470.491211,3845.117432,673.5974731,1568.702026
2/15/2024,1459.795288,3848.024658,688.197998,1578.258057
2/16/2024,1449.843994,3871.563232,691.045105,1602.077759
2/19/2024,1463.17041,3848.587402,689.682373,1600.28894
2/20/2024,1460.217407,3779.986328,707.7870483,1586.637329
2/21/2024,1456.916748,3743.27124,700.4138184,1558.675293
2/22/2024,1470.863403,3832.925781,690.8747559,1582.965576
2/23/2024,1482.651245,3800.102783,691.3858032,1578.728882
2/26/2024,1476.397461,3752.228027,692.2131958,1563.005981
2/27/2024,1474.734863,3849.150391,691.1668091,1566.254028
2/28/2024,1444.93042,3862.795654,685.9348755,1573.456665
2/29/2024,1450.067505,3840.428467,683.0148315,1575.951538
3/1/2024,1481.162231,3839.725586,696.3256836,1557.874878
3/4/2024,1496.325073,3826.924072,697.2745972,1541.398926
3/5/2024,1489.177856,3762.590332,701.2410889,1512.495361
3/6/2024,1491.957397,3811.544189,702.0927734,1522.898804
3/7/2024,1468.059326,3853.089355,703.7962036,1521.863159
3/11/2024,1455.824707,3865.983643,694.8899536,1506.940552
3/12/2024,1464.585083,3931.536621,710.3422241,1518.567871
3/13/2024,1421.65271,3890.976563,710.7558594,1517.108643
3/14/2024,1420.957886,3945.932617,708.3467407,1556.557007
3/15/2024,1407.805176,3956.85791,706.9840698,1538.38623
3/18/2024,1428.899048,3894.259277,703.7719727,1508.870728
3/19/2024,1414.778564,3729.954346,705.3779907,1470.081421
3/20/2024,1433.142578,3723.952637,696.4716797,1463.961914
3/21/2024,1440.314575,3725.874756,703.6259155,1463.72644
3/22/2024,1444.334839,3667.683594,702.2144775,1420.559448
3/26/2024,1430.983643,3636.361084,693.7218628,1405.307495
3/27/2024,1481.881958,3602.036621,701.1681519,1397.022217
3/28/2024,1474.93335,3635.23584,704.6723022,1410.391357
4/1/2024,1473.866333,3673.169922,715.6713257,1407.943481
4/2/2024,1476.025146,3642.269287,720.3679199,1396.080811
4/3/2024,1460.788086,3701.820313,721.4143066,1394.009521
4/4/2024,1452.17688,3754.337646,743.4611816,1399.705444
4/5/2024,1449.372437,3731.783203,754.1439209,1392.550293
4/8/2024,1475.057373,3725.500244,752.7081299,1390.290527
4/9/2024,1452.896484,3701.116699,753.6572266,1407.37854
4/10/2024,1468.704468,3736.847168,747.7196655,1418.629395
4/12/2024,1456.370728,3752.555908,739.2513428,1397.869507
4/15/2024,1454.062744,3696.099365,727.4490967,1382.241089
4/16/2024,1454.981079,3631.953369,734.5304565,1331.683228
4/18/2024,1453.566406,3621.824951,727.4490967,1336.202271
4/19/2024,1459.323975,3588.251465,745.2619019,1328.670532
4/22/2024,1468.977417,3624.263184,735.9661255,1348.912354
4/23/2024,1448.603271,3633.735596,733.727417,1357.997803
4/24/2024,1439.520508,3592.799805,735.7227783,1347.029541
4/25/2024,1449.248413,3612.634033,735.2605591,1354.278687
4/26/2024,1441.878174,3583.703125,734.7981567,1346.558594
4/29/2024,1454.261353,3629.514893,744.3858032,1350.795288
4/30/2024,1456.221802,3583.046631,739.8109741,1337.426392
5/2/2024,1455.775269,3623.043945,745.7242432,1331.683228
5/3/2024,1423.464355,3604.381348,739.567688,1333.425049
5/6/2024,1409.095703,3677.202637,741.052063,1342.463257
5/7/2024,1391.178223,3731.502197,733.0217285,1356.632568
5/8/2024,1408.12793,3729.626221,721.5845947,1343.781372
5/9/2024,1383.882324,3713.917725,704.4776611,1355.314575
5/10/2024,1397.084595,3651.740967,709.3615723,1341.521729
5/13/2024,1392.394287,3702.289063,717.9208984,1340.156738
5/14/2024,1409.641479,3658.587158,720.7328491,1341.333374
5/15/2024,1405.869629,3639.080566,709.6575928,1336.86145
5/16/2024,1414.877808,3684.942383,720.3875122,1368.307007
5/17/2024,1425.151855,3621.794189,722.2868652,1359.786621
5/21/2024,1425.57373,3608.663574,719.6721802,1350.230469
5/22/2024,1449.918579,3619.810059,719.8695068,1369.672241
5/23/2024,1475.131958,3677.857422,736.3468018,1386.24231
5/24/2024,1469.374512,3636.341064,748.4827881,1379.369385
5/27/2024,1455.477417,3634.0271,753.6627808,1385.253662
5/28/2024,1445.501099,3627.272705,755.0440674,1381.205444
5/29/2024,1430.189575,3593.029785,744.0921631,1366.047485
5/30/2024,1414.38147,3529.220459,747.3234253,1343.922485
5/31/2024,1419.890747,3467.677979,755.5620728,1351.077026
6/3/2024,1499.228516,3497.811768,775.6159668,1350.116821
6/4/2024,1387.009155,3509.289063,731.6848755,1338.352783
6/5/2024,1410.311646,3538.99707,765.552063,1373.356323
6/6/2024,1421.081909,3618.298584,769.4493408,1413.833984
6/7/2024,1459.150024,3678.329834,776.1832886,1472.749756
6/10/2024,1460.589478,3645.031494,770.2387695,1440.242798
6/11/2024,1445.972778,3638.797363,771.9653931,1436.401489
6/12/2024,1452.573853,3619.479492,776.5780029,1426.270142
6/13/2024,1454.484741,3663.404785,779.8340454,1434.672974
6/14/2024,1466.694458,3619.857666,787.8013306,1429.823364
6/18/2024,1470.143921,3603.845947,793.1785889,1438.754395
6/19/2024,1447.933228,3591.188232,817.869873,1451.382446
6/20/2024,1462.872681,3577.538086,823.5431519,1455.271851
6/21/2024,1443.515869,3599.736816,821.7672119,1471.885376
6/24/2024,1430.884277,3605.452148,825.0478516,1466.555786
6/25/2024,1443.466309,3625.903076,844.2631226,1480.768433
6/26/2024,1502.901367,3642.339844,839.4038086,1479.567993
6/27/2024,1519.304932,3716.304199,836.7644653,1510.922485
6/28/2024,1553.898926,3687.965332,830.671875,1504.584473
7/1/2024,1548.6875,3757.914551,841.2290649,1527.680176
7/2/2024,1553.675659,3794.944336,853.7597046,1556.72998
7/3/2024,1541.019287,3745.681396,872.5310059,1562.828003
7/4/2024,1542.607544,3798.297607,852.0578003,1585.155396
7/5/2024,1576.953247,3789.654053,813.0598755,1582.082397
7/8/2024,1589.138184,3772.084229,806.7698975,1595.718994
7/9/2024,1578.591187,3764.810791,807.3372192,1591.397461
7/10/2024,1572.585571,3692.688232,802.206543,1582.850708
7/11/2024,1569.036865,3706.432617,800.1346436,1587.124023
7/12/2024,1584.993774,3952.271729,800.5292358,1643.831055
7/15/2024,1585.490112,3938.338623,800.2332764,1639.317627
7/16/2024,1564.669189,3947.07666,799.0739136,1657.563721
7/18/2024,1575.0177,4076.583984,796.632019,1688.294067
7/19/2024,1543.724243,4073.601563,792.9319458,1721.809326
7/22/2024,1489.649536,4059.352539,810.3218994,1738.999146
7/23/2024,1476.968262,4073.554932,798.407959,1764.015381
7/24/2024,1484.710938,4077.247314,791.3286743,1761.182373
7/25/2024,1481.435181,4092.632813,797.5198975,1752.443481
7/26/2024,1497.93811,4154.508301,798.2846069,1804.348999
7/29/2024,1508.931763,4148.116699,791.8220215,1796.858521
7/30/2024,1502.032715,4133.20459,797.0020142,1802.668335
7/31/2024,1494.364502,4152.141113,797.100647,1794.121582
8/1/2024,1504.167114,4163.266113,808.4719238,1779.092529
8/2/2024,1488.309204,4055.280273,818.5112305,1748.938232
8/5/2024,1436.691284,3934.087646,797.100647,1682.388062
8/6/2024,1445.352417,3949.379395,789.9226074,1681.619873
8/7/2024,1454.062744,3977.073486,800.9239502,1720.560791
8/8/2024,1438.478271,3950.656982,810.395874,1673.985352
8/9/2024,1463.468262,4003.868652,814.0958862,1700.490112
8/12/2024,1449.893677,3972.528809,818.9797974,1726.082642
8/13/2024,1452.871704,3973.760498,790.9093018,1726.130737
8/14/2024,1451.109741,4066.83252,793.1785889,1750.906982
8/16/2024,1467.3396,4181.208008,805.1665649,1785.19043
8/19/2024,1482.479126,4251.226074,804.8952637,1790.808472
8/20/2024,1489.999023,4282.753906,807.9291992,1797.914795
8/21/2024,1492.713257,4309.45459,802.0585938,1798.394897
8/22/2024,1492.165405,4262.587891,804.7719727,1805.645264
8/23/2024,1494.008057,4226.513672,801.6885986,1788.215454
8/26/2024,1506.582886,4263.01416,809.0392456,1801.708008
8/27/2024,1494.481201,4257.995117,807.9539185,1824.707642
8/28/2024,1492.339844,4266.421875,807.6332397,1862.160278
8/29/2024,1514.874756,4271.866211,808.3485718,1856.638428
8/30/2024,1503.619751,4311.585449,807.5346069,1866.577759
9/2/2024,1510.218384,4280.624512,802.6258545,1886.55249
9/3/2024,1503.121704,4272.387207,807.7565308,1864.224976
9/4/2024,1508.525146,4241.046875,809.9519653,1846.170898
9/5/2024,1487.035889,4237.922852,811.7525024,1856.446411
9/6/2024,1458.997803,4219.743652,807.5592041,1826.388184
9/9/2024,1456.632324,4212.92627,812.2705688,1819.473999
9/10/2024,1455.71106,4268.126465,814.1699219,1836.423706
9/11/2024,1445.725952,4241.142578,810.987915,1834.359009
9/12/2024,1473.91333,4277.453125,822.1865234,1873.059937
9/13/2024,1466.766846,4282.091797,821.8658447,1866.961914
9/16/2024,1465.496948,4273.239746,824.3324585,1872.86792
9/17/2024,1466.443237,4266.042969,823.2718506,1875.07666
9/18/2024,1457.628296,4115.024902,836.0985107,1817.07312
9/19/2024,1463.828613,4067.68457,842.8571167,1819.04187
9/20/2024,1480.014038,4057.032715,858.9890137,1830.133667
9/23/2024,1487.434326,4041.504883,868.1650391,1821.202515
9/24/2024,1483.450195,4044.156006,872.2350464,1823.267212
9/25/2024,1488.006958,4047.422852,877.6863403,1820.098267
9/26/2024,1491.991089,4064.228516,879.8322754,1824.851807
9/27/2024,1520.103882,4079.567627,864.6377563,1831.093872
9/30/2024,1470.701172,4041.504883,854.4750977,1801.179932
10/1/2024,1458.997803,4059.873291,851.5890503,1828.789063
10/3/2024,1401.378052,4007.65625,829.7838135,1818.27356
10/4/2024,1381.009399,4026.118896,817.7712402,1842.041504
10/7/2024,1365.272217,4045.623535,798.1119385,1857.550903
10/8/2024,1391.79126,4027.065186,814.5151978,1871.235352
10/9/2024,1369.131836,4026.782227,805.6846313,1875.268677
10/10/2024,1365.595947,4002.590332,820.114502,1842.857788
10/11/2024,1366.641724,3928.548828,814.4906006,1858.31897
10/14/2024,1367.065063,3916.666016,832.7931519,1881.174805
10/15/2024,1338.678467,3897.871826,830.8198242,1881.558838
10/16/2024,1348.688477,3877.184082,838.5651855,1843.914185
10/17/2024,1351.029175,3890.486816,825.4178467,1890.009644
10/18/2024,1353.8927,3913.313477,829.7098389,1805.021118
10/21/2024,1363.753296,3872.311035,852.8223877,1779.23645
10/22/2024,1338.006104,3811.234619,845.8417969,1778.13208
10/23/2024,1333.200317,3859.402832,856.3251343,1799.067139
10/24/2024,1334.470337,3841.986084,863.1577148,1789.415894
10/25/2024,1322.567749,3851.145508,860.0744019,1788.16748
10/28/2024,1329.04187,3882.751221,855.5357056,1791.336548
10/29/2024,1334.669434,3867.94458,864.243042,1786.431763
10/30/2024,1338.553955,3876.866699,855.7330933,1750.300903
10/31/2024,1326.751099,3766.577637,856.2756958,1706.740112
11/1/2024,1333.324829,3781.526611,857.0651245,1710.236572
11/4/2024,1296.970093,3762.496582,845.619751,1712.956299
11/5/2024,1300.107544,3769.330322,867.2030029,1703.777832
11/6/2024,1320.077759,3929.069092,865.9204102,1771.280029
11/7/2024,1300.456177,3939.746826,861.628418,1751.223755
11/8/2024,1278.643188,3936.045166,865.5256958,1777.350342
11/11/2024,1267.637085,3985.115479,871.3717041,1806.633789
11/12/2024,1269.18103,3983.881348,847.642395,1815.083862
11/13/2024,1247.069336,3939.225098,829.4631348,1814.695313
11/14/2024,1262.557495,3935.000732,835.0871582,1810.956055
11/18/2024,1255.734741,3815.030762,841.1797485,1759.382202
11/19/2024,1236.710693,3834.061035,859.5070801,1772.300049
11/21/2024,1218.134888,3865.666992,858.9890137,1781.332642
11/22/2024,1260.366211,4028.680908,861.159729,1847.572266
11/25/2024,1281.880249,4095.594238,880.8929443,1835.382935
11/26/2024,1290.545654,4131.281738,880.8683472,1868.842896
11/27/2024,1288.055542,4112.155762,894.0649414,1869.182861
11/28/2024,1265.744751,4028.964844,884.6176147,1803.282959
11/29/2024,1287.05957,4053.594971,886.0483398,1804.448486
12/2/2024,1303.942261,4059.100098,890.3156128,1825.7677
12/3/2024,1318.035889,4083.871826,900.9715576,1837.714111
12/4/2024,1303.74292,4132.894043,917.6461792,1834.946045
12/5/2024,1316.790894,4236.966797,920.4335327,1879.235229
12/6/2024,1306.332642,4219.360352,915.5494995,1867.143188
12/9/2024,1289.997925,4225.672363,922.5301514,1868.3573
12/10/2024,1279.73877,4207.069336,921.5928345,1892.541504
12/11/2024,1273.115234,4202.229004,919.1261597,1917.40564
12/12/2024,1257.876221,4228.330078,917.2268677,1929.886353
12/13/2024,1267.786621,4246.315918,923.3934937,1942.221191
12/16/2024,1263.254761,4190.602051,920.1621704,1923.136108
12/17/2024,1240.346191,4108.3125,904.4002686,1919.785156
12/18/2024,1248.264526,4126.677734,893.2755737,1922.261963
12/19/2024,1225.555176,4054.591309,884.7902832,1890.258911
12/20/2024,1200.505371,3958.159424,873.9370117,1866.900391
12/23/2024,1217.437744,3946.77002,888.4902954,1868.988525
12/24/2024,1217.885864,3966.891846,887.0596313,1854.17688
12/26/2024,1211.710571,3957.020752,883.4336548,1852.574341
12/27/2024,1216.192749,3952.987061,887.133667,1861.655518
12/30/2024,1205.883789,3947.244873,877.0943604,1851.2146
12/31/2024,1210.614868,3886.500488,874.6030273,1825.961792
1/1/2025,1216.391846,3903.252686,879.4869385,1828.389893
1/2/2025,1236.860107,3963.332764,884.9136353,1901.574097
1/3/2025,1246.172974,3891.341064,862.9356689,1883.023071
1/6/2025,1213.154785,3886.69043,843.843811,1882.149048
1/7/2025,1235.913818,3823.383301,845.2744141,1875.35022
1/8/2025,1260.46582,3899.408447,835.8518677,1877.584106
1/9/2025,1249.758545,3833.396484,822.7785645,1862.189819
1/10/2025,1236.959717,4048.658936,817.3272095,1910.412476
1/13/2025,1234.917847,4072.815186,804.5499268,1905.799072
1/14/2025,1233.822266,4017.717773,812.3198853,1884.285889
1/15/2025,1247.218628,4033.426025,810.5685425,1893.609863
1/16/2025,1261.411987,3992.328369,815.0085449,1873.019165
1/17/2025,1297.169189,3986.528809,807.4605713,1763.267212
1/20/2025,1300.256836,3941.582275,814.6138306,1761.179077
1/21/2025,1268.633179,3901.033691,810.2478638,1748.941162
1/22/2025,1272.019653,4017.749756,821.9152222,1803.088745
1/23/2025,1258.623169,4006.972656,821.3479004,1811.829956
1/24/2025,1241.342285,4013.642334,813.8986206,1821.542603
1/27/2025,1224.459595,3929.354492,804.0319214,1769.628906
1/28/2025,1229.489624,3905.335205,824.0611572,1777.15625
1/29/2025,1230.585205,3962.846924,827.4651489,1827.175903
1/30/2025,1248.06543,3963.088623,834.470459,1806.488159
1/31/2025,1260.067383,3975.026123,838.0471191,1825.7677
2/1/2025,1259.569336,3937.087646,834.1990967,1798.135376
2/3/2025,1240.943848,3932.737793,827.8104858,1809.741943
2/4/2025,1280.087402,3969.85498,848.9744873,1844.221558
2/5/2025,1273.115234,3954.437988,857.3117676,1842.521851
2/6/2025,1276.452026,3946.366699,860.2963867,1860.587158
2/7/2025,1261.661011,3894.799072,854.8203735,1848.932129
2/10/2025,1248.662964,3902.096924,846.4337769,1826.253296
2/11/2025,1229.937744,3831.148926,839.3544922,1821.736938
2/12/2025,1211.710571,3818.196289,842.0184937,1809.596191
2/13/2025,1211.262329,3779.532471,837.5291138,1790.268188
2/14/2025,1212.407715,3803.407227,836.1231079,1803.040161
2/17/2025,1220.027344,3774.071289,847.2230835,1789.345581
2/18/2025,1220.525391,3743.816895,850.0350952,1798.71814
2/19/2025,1222.567139,3657.693359,852.0823975,1758.750977
2/20/2025,1228.095093,3653.150146,832.2998047,1772.688477
2/21/2025,1223.264404,3659.529785,834.9638062,1762.8302
2/24/2025,1209.718506,3552.817627,827.3665161,1713.393188
2/25/2025,1199.210449,3508.305908,829.9564819,1716.889648
2/27/2025,1202.298096,3491.873779,839.0090942,1713.587524
2/28/2025,1195.325928,3366.893066,854.6477661,1639.189209
3/3/2025,1166.590698,3376.365479,839.4285278,1659.488403
3/4/2025,1157.277954,3414.062988,843.5971069,1639.772095
3/5/2025,1170.923462,3428.562012,833.7304688,1662.305176
3/6/2025,1204.788208,3481.289307,834.3224487,1666.530151
3/7/2025,1244.828369,3490.568604,833.3604736,1637.538208
3/10/2025,1233.473633,3469.73877,832.4971313,1652.544067
3/11/2025,1242.338257,3455.868164,831.510498,1613.839478
3/12/2025,1252.049438,3389.076416,844.1644897,1545.123047
3/13/2025,1242.935913,3393.764648,841.9197388,1534.439209
3/17/2025,1233.921753,3380.860352,843.7944946,1544.346191
3/18/2025,1233.921753,3380.860352,843.7944946,1544.346191
3/19/2025,1242.188843,3380.280762,860.4197388,1540.946777
3/20/2025,1264.101318,3444.124023,872.5803223,1569.113159
3/21/2025,1271.272583,3458.574951,873.3696899,1546.774292
3/24/2025,1296.920166,3507.72583,887.9969482,1546.968506
3/25/2025,1280.336426,3535.563721,898.5789185,1581.642212
3/26/2025,1267.98584,3514.346924,891.2283325,1553.47583
3/27/2025,1273.115234,3529.23291,900.5029297,1557.45813
3/28/2025,1270.027588,3485.6875,901.9088745,1525.503784
4/1/2025,1247.617065,3432.186523,872.1363525,1482.622681
4/2/2025,1246.172974,3425.56543,886.4676514,1505.593018
4/3/2025,1243.732666,3289.46875,885.4562988,1453.485107
4/4/2025,1199.907593,3189.18457,896.5316772,1409.924316
4/7/2025,1161.062744,3164.681152,867.1289673,1356.602295
4/8/2025,1177.497192,3182.949951,872.77771,1387.731079
4/9/2025,1180.634644,3138.148438,870.7303467,1363.352417
4/11/2025,1214.100952,3123.552734,891.3269653,1368.937134
4/15/2025,1235.16687,3139.694824,920.0142212,1385.011475
4/16/2025,1234.370117,3164.439453,926.4768677,1372.482178
4/17/2025,1269.430054,3188.701416,940.635437,1378.698364
4/21/2025,1290.346436,3210.642822,950.6994019,1409.292969
4/22/2025,1286.063599,3203.683105,967.7686768,1381.903564
4/23/2025,1294.828613,3298.989746,949.1207275,1432.505981
4/24/2025,1296.422241,3287.970459,945.618103,1429.106567
4/25/2025,1295.227051,3332.820801,942.8554077,1437.653564
4/28/2025,1363.35498,3328.470459,947.2954102,1439.498901
4/29/2025,1394.131958,3356.501953,941.6714478,1454.456299
4/30/2025,1399.410889,3338.330078,949.6633911,1456.981567
5/2/2025,1414.1521,3316.388428,948.1341553,1463.586182
5/5/2025,1425.606323,3338.910156,955.4847412,1465.237183
5/6/2025,1415.247681,3344.419678,952.968689,1468.053955
5/7/2025,1400.40686,3330.017334,959.8260498,1464.945923
5/8/2025,1401.402954,3333.69043,951.3900757,1467.956787
5/9/2025,1371.721436,3325.37793,932.2487793,1464.265991
5/12/2025,1430.785522,3499.461426,965.5487061,1580.136963
5/13/2025,1410.068237,3397.582275,948.4793701,1523.512573
5/14/2025,1418.733765,3430.156738,942.5594482,1546.62854
5/15/2025,1448.415161,3460.314453,954.0047607,1566.636475
5/16/2025,1450.606445,3442.335693,954.4487305,1544.200439
5/19/2025,1435.068481,3401.255371,956.4220581,1514.965698
5/20/2025,1418.932861,3381.44043,944.6807861,1515.742554
5/21/2025,1423.514526,3408.021729,950.5514526,1523.415527
5/22/2025,1403.793457,3360.851807,947.1474609,1503.019165
5/23/2025,1421.124268,3397.195557,953.9060669,1519.821899
5/26/2025,1429.092407,3419.137451,957.1619873,1535.070557
5/27/2025,1416.442871,3381.826904,950.3047485,1524.969482
5/28/2025,1407.279541,3380.860352,948.9234009,1526.620728
5/29/2025,1412.160034,3381.247314,950.8967285,1540.023926
5/30/2025,1415.247681,3347.706055,959.4807129,1539.137573
6/2/2025,1408.076294,3334.560547,953.1660156,1530.371826
6/3/2025,1399.908936,3291.450195,949.4660645,1519.734619
6/4/2025,1417.83728,3297.008789,957.6553345,1527.810913
6/5/2025,1436.662109,3287.451904,961.7993164,1530.864258
6/6/2025,1437.75769,3300.226807,976.1552734,1540.221069
6/9/2025,1443.036743,3336.991455,976.2540283,1549.183838
6/10/2025,1432.777588,3376.974121,969.5447388,1571.935547
6/11/2025,1443.13623,3385.750732,962.1940308,1606.506226
6/12/2025,1435.865234,3348.986084,958.7407227,1584.345459
6/13/2025,1422.219849,3360.200928,946.0127563,1577.844971
6/16/2025,1432.080444,3409.54541,954.7940674,1599.316406
6/17/2025,1425.506592,3428.073975,951.9327393,1615.173584
6/18/2025,1424.411011,3365.759277,954.0540771,1608.279175
6/19/2025,1427.598389,3339.039307,954.744751,1593.997803
6/20/2025,1460.367432,3350.448975,969.2486572,1598.429932
6/23/2025,1451.004883,3309.393799,961.2073975,1560.116455
6/24/2025,1445.028687,3306.272949,967.3740234,1557.752563
6/25/2025,1461.463135,3359.323242,976.8953247,1590.550537
6/26/2025,1489.351685,3356.397705,997.4179077,1591.633911
6/27/2025,1509.371704,3355.715332,1004.949158,1583.754517
6/30/2025,1494.630615,3376.096436,998.2658081,1577.648071
7/1/2025,1522.320068,3344.598145,1003.552612,1582.572754
7/2/2025,1512.758301,3338.356689,990.5350342,1586.216919
7/3/2025,1511.762207,3316.415039,991.0836182,1594.293213
7/4/2025,1521.224487,3334.943604,992.1809692,1615.961426
7/7/2025,1535.36792,3327.044678,991.2332764,1602.46814
7/8/2025,1531.483398,3321.680908,998.2159424,1613.991577
7/9/2025,1512.957397,3299.836914,1003.103699,1609.067017
7/10/2025,1511.164551,3298.081299,1000.609924,1591.437012
7/11/2025,1489.252075,3184.959717,989.3878784,1570.852051
7/14/2025,1477.797729,3142.734131,989.0387573,1546.623047
7/15/2025,1479.491089,3171.599854,995.2732544,1561.692261
7/16/2025,1479.690186,3163.576172,995.6722412,1583.656128
7/17/2025,1470.526855,3140.189941,990.9838867,1559.624023
7/18/2025,1470.128418,3121.304932,976.2705078,1562.184692
7/21/2025,1422.916992,3090.286621,997.7670288,1560.411987
7/22/2025,1407.179932,3091.656738,1001.058838,1547.213989
7/23/2025,1418.932861,3110.737305,1009.637512,1550.759644
7/24/2025,1397.319214,3080.306152,1004.599976,1529.091431
7/25/2025,1386.163696,3068.368408,1002.299988,1492.846191
7/28/2025,1382.080078,3013.083252,1004.25,1493.141724
7/29/2025,1411.462769,2990.284424,1010.799988,1490.876343
7/30/2025,1404.490601,2987.936035,1012.900024,1496.096558
7/31/2025,1384.669678,2971.497314,1009.099976,1486.247314
8/1/2025,1388.155762,2938.424072,1006.099976,1447.441284
8/4/2025,1405.88501,3008.288574,996,1458.177002
8/5/2025,1386.163696,2998.014404,988.7999878,1438.281616
8/6/2025,1387.259521,2967.093994,992.6500244,1415.037354
8/7/2025,1383.872925,2981.478027,997.7000122,1415.234375
8/8/2025,1362.358887,2971.105713,986.9500122,1401.642456
8/11/2025,1380.685669,2975.411377,997.7999878,1406.665527
8/12/2025,1374.908813,2970.127197,984.9500122,1402.627441
8/13/2025,1377.099976,2970.910156,990.1500244,1405.089722
8/14/2025,1373.800049,2957.309082,995.5499878,1425.87146
8/18/2025,1381.699951,2946.447754,1001.799988,1414.151001
8/19/2025,1420.099976,2951.340332,995.5499878,1418.28772
8/20/2025,1413,3031.968262,994.0999756,1473.640259
8/21/2025,1424.800049,3035.882568,995.5999756,1473.83728
8/22/2025,1409.199951,2988.327393,982.2999878,1465.071411
8/25/2025,1412.599976,3073.065186,982.0499878,1508.998901
8/26/2025,1384.900024,3089.30835,973.4000244,1506.536621
8/28/2025,1385.900024,3027.173584,957.7999878,1477.481445
8/29/2025,1357.199951,3018.367188,951.5999756,1447.441284
9/1/2025,1353.900024,3045.667236,950.5999756,1476.792114
9/2/2025,1366.5,3044.59082,944.5,1476.102539
9/3/2025,1372.599976,3030.891846,954.4500122,1456.798096
9/4/2025,1359.300049,3029.130859,961.25,1440.940918
9/5/2025,1375,2982.75,963.4000244,1422.818237
9/8/2025,1378.5,2954.080078,966,1411.2948
9/9/2025,1376.199951,2983.826172,965.1500244,1481.618164
9/10/2025,1377,3043.123291,965.9000244,1509.491455
9/11/2025,1383.300049,3057.017822,967.7999878,1486.936646
9/12/2025,1395,3066.02002,967.2999878,1502.596924
9/15/2025,1399.300049,3044.982178,967.0499878,1485.656372
9/16/2025,1405.300049,3078.055664,966.8499756,1488.512695
9/17/2025,1413.800049,3104.572754,966.5,1499.445313
9/18/2025,1415,3108.388916,976.9000244,1517.37085
9/19/2025,1407.400024,3101.050049,966.9000244,1516.976807
9/22/2025,1390.599976,3007.70166,964.2000122,1476.890503
9/23/2025,1389.800049,2996.546631,957.2000122,1474.920654
9/24/2025,1383,2970.127197,951.0499878,1472.064331
9/25/2025,1372.400024,2893.804443,949.8499756,1462.412231
9/26/2025,1377.599976,2836.758545,945.0499878,1427.053467
9/29/2025,1372.800049,2833.822754,950.2999878,1420.060547
9/30/2025,1364,2826.28833,951,1420.060547
10/1/2025,1368.699951,2851.533691,965.25,1424.000244
10/3/2025,1363.400024,2839.498047,965.1500244,1424.788086
10/6/2025,1375,2924.137939,973.4500122,1453.744873
10/7/2025,1384.800049,2909.753906,982.5,1436.508667
10/8/2025,1367.400024,2962.103516,978.7000122,1472.458374
10/9/2025,1377.800049,2995.861816,977.0999756,1486.542847
10/10/2025,1381.699951,2963.179932,980.9000244,1492.05835
10/13/2025,1375,2942.533936,977,1470.685425
10/14/2025,1375.900024,2896.642334,977.1500244,1467.435303
10/15/2025,1374.300049,2916.776367,978.25,1452.169067
10/16/2025,1398.300049,2917.660156,994.3499756,1449.312744
10/17/2025,1416.800049,2909.311768,1002.549988,1419.371094
10/20/2025,1466.800049,2961.365479,1002.950012,1438.872559
10/21/2025,1465.199951,2953.017334,1007.700012,1450.199219
10/23/2025,1448.400024,3018.330078,1008.799988,1505.453247
10/24/2025,1451.599976,3008.508545,994.75,1502.400024
10/27/2025,1484.099976,3029.821045,1002.950012,1504.5
10/28/2025,1486.900024,3003.303223,1003.549988,1500.199951
10/29/2025,1504.199951,3003.008789,1007.849976,1510.400024
10/30/2025,1488.5,2981.106689,998.1500244,1493.800049
10/31/2025,1486.400024,3003.401367,987.2999878,1482.300049
11/3/2025,1484.699951,2962.937012,992.6500244,1485.5
11/4/2025,1473.099976,2936.812012,985.25,1467.900024
11/6/2025,1496.099976,2957.142334,984.6500244,1466.699951
11/7/2025,1478,2938.383545,982.2999878,1476.800049
11/10/2025,1489.300049,2971.187012,984.5,1513.5
11/11/2025,1493.400024,2992.5979,991.7000122,1530.300049
11/12/2025,1511.5,3075.883789,989.5,1551.699951
11/13/2025,1510.900024,3050.249756,986.6500244,1541.800049
11/14/2025,1518.900024,3050.544434,989.5999756,1502.800049
11/17/2025,1518.300049,3046.812256,996.5499878,1507.599976
11/18/2025,1519.400024,3031.981934,992.4500122,1486.400024
11/19/2025,1518.900024,3091.499756,994.5999756,1541.099976
11/20/2025,1549.099976,3088.651855,1008.849976,1536.5
11/21/2025,1546.599976,3094.348145,998.0499878,1545
11/24/2025,1535.900024,3085.115967,999.1500244,1548
11/25/2025,1539.699951,3063.508789,989.7999878,1530.599976
11/26/2025,1569.900024,3106.428467,1003.900024,1557.900024
11/27/2025,1563.400024,3080.598145,1009.5,1566.400024
11/28/2025,1567.5,3081.481934,1007.599976,1560.099976
12/1/2025,1566.099976,3077.455078,1002.099976,1564
12/2/2025,1546.300049,3079.714111,989.7999878,1561
12/3/2025,1538.800049,3123.223145,1000.5,1578.699951
12/4/2025,1535.599976,3171.544678,997.2000122,1597.599976
12/5/2025,1540.599976,3180.384033,1003.299988,1616.199951
12/8/2025,1543,3178.714355,1003.099976,1610.800049
12/9/2025,1529.400024,3151.018066,997.0999756,1599
12/10/2025,1536.900024,3132.259033,989.7999878,1584.800049
12/11/2025,1545,3134.910645,1000.299988,1598
12/12/2025,1556.5,3163,1001.5,1598.199951
12/15/2025,1556.199951,3172.526855,996.0999756,1606.800049
12/16/2025,1542.300049,3147.875244,994.2999878,1592.900024
12/17/2025,1544.400024,3160.348389,984,1602
12/18/2025,1544.400024,3222.223633,979.7000122,1626.800049
12/19/2025,1565.099976,3223.4021,985.5,1638.699951
12/22/2025,1575.400024,3265.536133,987.7000122,1689.599976
12/23/2025,1570.699951,3250.9021,996.5999756,1668.300049
12/24/2025,1558.199951,3259.741455,997.2000122,1663.400024
12/26/2025,1559.199951,3221.437744,992.0999756,1656.099976
12/29/2025,1545.599976,3193.446533,991.7000122,1644.699951
12/30/2025,1539.800049,3188.830566,990.9000244,1621.599976
12/31/2025,1570.400024,3148.955322,991.2000122,1615.400024
1/1/2026,1575.599976,3169.776855,991.1500244,1629.800049
1/2/2026,1592.300049,3192.660889,1001.599976,1640.400024
1/5/2026,1578.099976,3158.678711,977.5,1606.400024
1/6/2026,1507.599976,3197.669922,962.2000122,1612.199951
1/7/2026,1504.199951,3236.759277,949.0499878,1639
1/8/2026,1470.599976,3146.696289,946.7000122,1613.300049
1/9/2026,1475.300049,3150.526855,939,1614.099976
1/12/2026,1483.199951,3181.759277,936.9500122,1595.900024
1/13/2026,1452.800049,3209.6521,937.3499756,1599
1/14/2026,1458.800049,3135.5,925.4500122,1599.800049
1/15/2026,1458.800049,3135.5,925.4500122,1599.800049
1/16/2026,1457.900024,3206.699951,931.0999756,1689.800049
1/19/2026,1413.599976,3163.600098,927.9000244,1681.199951
1/20/2026,1394,3102.300049,931.2000122,1658.900024
1/21/2026,1404.599976,3122.600098,920.3499756,1654.400024
1/22/2026,1402.5,3150.399902,918.7000122,1663.5
1/23/2026,1386.099976,3162.5,916.0999756,1670.800049
1/27/2026,1380.5,3158,926.4000244,1682.699951
1/28/2026,1396.699951,3200.100098,932.7000122,1666.5
1/29/2026,1391,3144.399902,935.5,1659.5
1/30/2026,1395.400024,3123.899902,929.25,1641
2/2/2026,1390.400024,3169.600098,928.0999756,1629.400024
2/3/2026,1437.099976,3225.300049,948.7000122,1656
2/4/2026,1456.800049,2999.100098,953.0999756,1535.800049
2/5/2026,1443.400024,2991.5,949.7000122,1520.199951
2/6/2026,1450.800049,2941.600098,941.0999756,1507.099976
2/9/2026,1461.599976,2948.199951,937.25,1497.199951
2/10/2026,1458.5,2984.600098,932.4000244,1497.800049
2/11/2026,1468.699951,2909.800049,927.0999756,1471.900024
2/12/2026,1448.900024,2750.100098,920.5999756,1386
2/13/2026,1419.599976,2692.199951,903.9000244,1369.099976
2/16/2026,1437.099976,2706.600098,925.7999878,1365.599976
2/17/2026,1423,2717.399902,925.7000122,1391.199951
2/18/2026,1441.300049,2694.899902,924.7000122,1373.699951
2/19/2026,1409.5,2677.899902,915.5999756,1370.5
2/20/2026,1419.400024,2686.199951,911.8499756,1353.199951
2/23/2026,1428,2676.300049,923.5999756,1327.5
2/24/2026,1428.800049,2573.699951,910.5,1275.5
2/25/2026,1398.5,2629.300049,907.5999756,1290.099976
2/26/2026,1406.800049,2647.699951,898.5999756,1289.099976
2/27/2026,1393.900024,2637.399902,887.75,1300.099976
3/2/2026,1358,2613.5,879.4000244,1288.900024
